fire_ID,latitude,longitude,size,perimeter,start_date,end_date,duration,speed,expansion,sentiment,num_tweets
2,20.8396,-156.418,1.5,6.48,2016-10-28,2016-11-02,6,0.57,0.25,
4,20.6271,-156.247,18.65,30.56,2016-02-16,2016-02-20,5,2.68,3.73,
6,42.2438,-121.875,0.86,5.56,2016-08-09,2016-08-09,1,0.79,0.86,
8,41.8938,-122.979,20.37,40.74,2016-08-28,2016-09-12,16,1.49,1.27,
10,41.8688,-123.031,6.65,17.59,2016-08-28,2016-09-06,10,1.46,0.66,
12,41.9063,-122.964,7.72,17.59,2016-08-31,2016-09-12,13,1.37,0.59,
14,41.6771,-121.822,0.21,1.85,2016-06-21,2016-06-21,1,0.46,0.21,
16,41.4188,-122.136,0.21,1.85,2016-06-29,2016-06-29,1,0.46,0.21,
18,41.4021,-120.261,0.21,1.85,2016-05-05,2016-05-05,1,0.46,0.21,
20,41.3604,-122.182,0.21,1.85,2016-06-25,2016-06-25,1,0.46,0.21,
22,41.3521,-122.161,0.21,1.85,2016-06-09,2016-06-09,1,0.46,0.21,
24,41.3188,-120.234,0.21,1.85,2016-05-04,2016-05-04,1,0.46,0.21,
26,41.2729,-120.056,0.43,2.78,2016-07-15,2016-07-18,4,0.31,0.11,
28,41.1979,-120.167,0.43,2.78,2016-05-05,2016-05-09,5,0.29,0.09,
30,41.1688,-120.158,0.21,1.85,2016-05-16,2016-05-16,1,0.46,0.21,
32,40.8104,-119.633,20.79,36.11,2016-07-30,2016-08-03,5,2.09,4.16,
34,40.5521,-121.413,0.21,1.85,2016-05-05,2016-05-05,1,0.46,0.21,
36,40.5438,-121.305,1.07,7.41,2016-05-02,2016-05-05,4,1.2,0.27,
38,40.5271,-121.439,0.86,4.63,2016-05-04,2016-05-06,3,0.72,0.29,
40,40.5229,-121.322,0.43,3.7,2016-05-10,2016-05-13,4,0.8,0.11,
42,40.5229,-121.443,0.21,1.85,2016-05-03,2016-05-03,1,0.46,0.21,
44,40.5104,-121.453,0.21,1.85,2016-05-06,2016-05-06,1,0.46,0.21,
46,40.4938,-121.346,0.64,4.63,2016-06-03,2016-06-03,1,0.89,0.64,
48,40.0479,-119.863,55.31,70.38,2016-07-29,2016-08-04,7,3.41,7.9,
50,40.0229,-119.917,7.93,15.74,2016-07-29,2016-07-31,3,2.4,2.64,
52,39.9979,-119.83,4.5,10.19,2016-07-31,2016-08-02,3,1.43,1.5,
54,39.9188,-119.935,8.36,15.74,2016-07-29,2016-07-31,3,1.41,2.79,
56,39.8854,-119.888,6.65,20.37,2016-07-29,2016-07-31,3,3.42,2.22,
58,39.7604,-119.941,4.07,11.11,2016-08-07,2016-08-09,3,1.91,1.36,
60,39.6313,-121.978,1.29,6.48,2016-11-27,2016-12-05,9,0.74,0.14,
62,39.6021,-122.057,2.14,9.26,2016-10-01,2016-10-17,17,1.56,0.13,
64,39.5979,-122.098,0.64,4.63,2016-10-15,2016-10-20,6,0.67,0.11,
66,39.5854,-122.071,0.21,1.85,2016-04-18,2016-04-18,1,0.46,0.21,
68,39.5396,-122.044,1.29,9.26,2016-10-01,2016-10-02,2,1.57,0.64,
70,39.5271,-121.952,0.21,1.85,2016-11-02,2016-11-02,1,0.46,0.21,
72,39.4104,-121.925,2.14,7.41,2016-09-23,2016-10-01,9,0.95,0.24,
74,39.3313,-117.769,15.65,25.93,2016-07-21,2016-07-24,4,3.37,3.91,
76,39.2438,-119.876,0.64,3.7,2016-10-09,2016-10-19,11,0.43,0.06,
78,39.2563,-121.576,2.14,7.41,2016-03-25,2016-04-03,10,0.95,0.21,
80,39.2313,-121.689,0.21,1.85,2016-10-09,2016-10-09,1,0.46,0.21,
82,39.2146,-121.692,0.21,1.85,2016-10-05,2016-10-05,1,0.46,0.21,
84,39.1979,-122.233,3.22,14.82,2016-03-25,2016-04-12,19,1.12,0.17,
86,38.9563,-120.846,19.94,28.71,2016-06-28,2016-07-06,9,1.96,2.22,
88,38.9729,-121.903,0.21,1.85,2016-11-02,2016-11-02,1,0.46,0.21,
90,38.9438,-120.856,0.21,1.85,2016-06-29,2016-06-29,1,0.46,0.21,
92,38.8188,-122.024,0.64,3.7,2016-10-12,2016-10-19,8,0.45,0.08,
94,38.7729,-121.983,0.86,4.63,2016-08-26,2016-08-28,3,0.47,0.29,
96,38.6104,-123.359,0.21,1.85,2016-08-14,2016-08-14,1,0.46,0.21,
98,38.5438,-122.072,21.22,25.93,2016-08-02,2016-08-08,7,3.4,3.03,
100,38.1854,-120.643,0.43,2.78,2016-08-28,2016-08-28,1,0.46,0.43,
102,38.1813,-121.372,2.14,7.41,2016-03-23,2016-03-25,3,0.84,0.71,
104,38.1188,-115.745,0.64,3.7,2016-05-07,2016-05-07,1,0.85,0.64,
106,38.1146,-115.743,0.21,1.85,2016-05-19,2016-05-19,1,0.46,0.21,
108,38.0646,-121.512,0.21,1.85,2016-10-16,2016-10-16,1,0.46,0.21,
110,38.0188,-121.441,1.29,6.48,2016-09-05,2016-09-15,11,0.57,0.12,
112,37.9813,-119.149,3.0,11.11,2016-06-23,2016-06-28,6,1.76,0.5,
114,37.9604,-121.556,1.29,5.56,2016-05-14,2016-05-21,8,0.62,0.16,
116,37.7813,-118.926,22.94,28.71,2016-09-13,2016-09-25,13,3.56,1.76,
118,37.6479,-115.844,0.86,4.63,2016-05-29,2016-05-31,3,0.47,0.29,
120,37.6354,-119.039,0.21,1.85,2016-07-01,2016-07-01,1,0.46,0.21,
122,37.4813,-117.906,0.21,1.85,2016-05-28,2016-05-28,1,0.46,0.21,
124,37.4688,-117.86,0.43,2.78,2016-05-30,2016-05-31,2,0.74,0.21,
126,37.4396,-114.261,1.07,4.63,2016-07-29,2016-07-29,1,0.88,1.07,
128,37.3646,-113.523,0.86,4.63,2016-07-11,2016-07-11,1,0.53,0.86,
130,37.3479,-113.524,0.21,1.85,2016-07-06,2016-07-06,1,0.46,0.21,
132,37.1229,-121.834,16.94,30.56,2016-09-26,2016-10-09,14,3.0,1.21,
134,37.0146,-119.479,8.79,14.82,2016-07-31,2016-08-02,3,2.17,2.93,
136,36.8313,-120.171,0.21,1.85,2016-11-04,2016-11-04,1,0.46,0.21,
138,36.6646,-119.526,0.21,1.85,2016-03-17,2016-03-17,1,0.46,0.21,
140,36.4604,-121.894,447.39,196.31,2016-07-21,2016-09-17,59,1.89,7.58,
142,36.3188,-121.594,39.23,36.11,2016-09-15,2016-09-25,11,2.55,3.57,
144,36.4938,-119.557,0.21,1.85,2016-11-07,2016-11-07,1,0.46,0.21,
146,36.4188,-121.259,1.93,8.33,2016-04-09,2016-04-14,6,1.57,0.32,
148,36.4146,-121.195,0.64,5.56,2016-04-09,2016-04-14,6,0.67,0.11,
150,36.3896,-111.984,4.07,14.82,2016-06-14,2016-06-22,9,1.25,0.45,
152,36.3521,-119.758,1.93,6.48,2016-03-16,2016-03-30,15,0.5,0.13,
154,36.2688,-112.023,15.01,29.63,2016-07-10,2016-07-24,15,2.96,1.0,
156,36.2979,-112.018,13.51,27.78,2016-07-12,2016-07-31,20,1.01,0.68,
158,36.2521,-118.649,0.21,1.85,2016-11-11,2016-11-11,1,0.46,0.21,
160,36.2396,-118.552,2.57,9.26,2016-10-22,2016-10-29,8,0.91,0.32,
162,36.1313,-120.54,5.14,14.82,2016-08-09,2016-08-13,5,1.57,1.03,
164,36.1646,-121.607,7.72,12.96,2016-09-13,2016-09-17,5,1.66,1.54,
166,36.1354,-121.268,3.22,10.19,2016-06-04,2016-06-09,6,1.69,0.54,
168,36.0896,-118.563,0.64,4.63,2016-10-24,2016-11-01,9,0.65,0.07,
170,36.0104,-121.307,3.64,10.19,2016-06-02,2016-06-05,4,1.35,0.91,
172,35.9896,-118.572,0.21,1.85,2016-11-09,2016-11-09,1,0.46,0.21,
174,35.9729,-118.567,1.07,5.56,2016-11-11,2016-11-13,3,1.07,0.36,
176,35.9479,-111.901,5.14,11.11,2016-07-05,2016-07-12,8,1.08,0.64,
178,35.9313,-120.069,0.21,1.85,2016-06-18,2016-06-18,1,0.46,0.21,
180,35.8813,-119.834,0.21,1.85,2016-11-02,2016-11-02,1,0.46,0.21,
182,35.8688,-118.026,6.43,16.67,2016-06-01,2016-06-12,12,2.34,0.54,
184,35.8563,-120.757,0.21,1.85,2016-04-09,2016-04-09,1,0.46,0.21,
186,35.8313,-119.578,2.14,8.33,2016-07-25,2016-08-12,19,0.65,0.11,
188,35.8188,-120.736,0.21,1.85,2016-04-09,2016-04-09,1,0.46,0.21,
190,35.7604,-120.812,3.22,8.33,2016-05-19,2016-05-19,1,1.4,3.22,
192,35.6479,-118.463,2.36,9.26,2016-06-21,2016-06-25,5,1.17,0.47,
194,35.6229,-119.435,1.29,6.48,2016-10-30,2016-11-06,8,0.47,0.16,
196,35.6063,-119.451,0.21,1.85,2016-10-30,2016-10-30,1,0.46,0.21,
198,35.4938,-119.069,23.58,35.19,2016-04-09,2016-04-15,7,2.16,3.37,
200,35.4063,-111.65,1.71,7.41,2016-10-18,2016-10-24,7,0.92,0.24,
202,35.2313,-118.693,4.93,11.11,2016-07-02,2016-07-04,3,1.65,1.64,
204,35.0354,-111.68,7.29,16.67,2016-05-23,2016-05-29,7,1.87,1.04,
206,34.9604,-114.618,0.21,1.85,2016-05-10,2016-05-10,1,0.46,0.21,
208,34.9396,-114.62,2.14,9.26,2016-05-15,2016-05-22,8,0.87,0.27,
210,34.9063,-118.922,2.14,7.41,2016-07-08,2016-07-14,7,0.52,0.31,
212,34.7604,-111.317,12.86,30.56,2016-06-06,2016-06-12,7,3.07,1.84,
214,34.6979,-111.289,2.36,9.26,2016-06-09,2016-06-14,6,0.82,0.39,
216,34.6771,-111.357,10.72,22.22,2016-06-12,2016-06-17,6,2.45,1.79,
218,34.6396,-111.296,2.57,8.33,2016-06-12,2016-06-13,2,1.4,1.29,
220,34.6313,-119.23,2.57,9.26,2016-07-01,2016-07-05,5,1.04,0.51,
222,34.6021,-111.636,1.71,7.41,2016-03-09,2016-03-13,5,0.52,0.34,
224,34.4688,-120.049,35.16,35.19,2016-06-05,2016-06-21,17,5.46,2.07,
226,34.4854,-111.414,2.79,12.96,2016-05-22,2016-06-01,11,3.11,0.25,
228,34.4646,-120.078,0.64,3.7,2016-06-03,2016-06-04,2,0.64,0.32,
230,34.4688,-120.095,0.64,3.7,2016-06-01,2016-06-02,2,0.55,0.32,
232,34.3063,-117.496,143.41,106.49,2016-08-16,2016-08-23,8,4.44,17.93,
234,34.3354,-117.416,0.21,1.85,2016-08-17,2016-08-17,1,0.46,0.21,
236,34.3313,-117.248,8.36,14.82,2016-08-07,2016-08-11,5,2.1,1.67,
238,34.3104,-112.119,4.72,15.74,2016-07-02,2016-07-05,4,1.09,1.18,
240,34.2521,-119.149,0.21,1.85,2016-07-15,2016-07-15,1,0.46,0.21,
242,34.1646,-117.928,21.01,32.41,2016-06-17,2016-06-27,11,2.65,1.91,
244,34.1896,-119.162,0.86,4.63,2016-07-06,2016-07-15,10,0.37,0.09,
246,34.0354,-110.085,4.07,12.04,2016-06-17,2016-06-22,6,0.75,0.68,
248,33.9396,-110.956,6.65,17.59,2016-06-03,2016-06-13,11,1.22,0.6,
250,33.9521,-114.373,0.21,1.85,2016-03-19,2016-03-19,1,0.46,0.21,
252,33.8854,-110.935,31.94,49.08,2016-05-23,2016-06-13,22,1.45,1.45,
254,33.8479,-114.504,1.07,6.48,2015-12-01,2015-12-02,2,1.73,0.54,
256,33.6896,-113.471,1.07,4.63,2016-06-13,2016-06-14,2,0.63,0.54,
258,33.6771,-117.13,1.93,7.41,2016-05-07,2016-05-12,6,0.69,0.32,
260,33.6729,-109.719,1.93,6.48,2016-05-10,2016-05-21,12,0.68,0.16,
262,33.5688,-109.617,1.29,5.56,2016-06-12,2016-06-16,5,0.63,0.26,
264,33.4271,-108.045,16.08,30.56,2016-06-08,2016-06-13,6,3.04,2.68,
266,33.4104,-108.089,0.43,3.7,2016-06-09,2016-06-09,1,0.46,0.43,
268,33.3938,-108.073,2.57,9.26,2016-06-11,2016-06-13,3,2.63,0.86,
270,33.3688,-117.382,0.21,1.85,2016-04-03,2016-04-03,1,0.46,0.21,
272,33.3563,-109.084,0.86,5.56,2016-06-28,2016-06-28,1,0.75,0.86,
274,33.3354,-111.721,0.86,4.63,2016-08-09,2016-08-09,1,0.52,0.86,
276,33.2646,-111.835,0.21,1.85,2016-08-14,2016-08-14,1,0.46,0.21,
278,33.2271,-111.752,0.86,4.63,2016-07-09,2016-07-09,1,0.52,0.86,
280,33.1313,-108.331,0.43,3.7,2016-06-17,2016-06-19,3,0.35,0.14,
282,33.0438,-112.115,0.86,3.7,2016-06-26,2016-06-30,5,0.62,0.17,
284,32.9771,-112.741,1.5,6.48,2016-07-04,2016-07-07,4,0.69,0.38,
286,32.9188,-112.09,0.43,3.7,2016-06-28,2016-06-30,3,0.35,0.14,
288,32.8396,-111.896,3.22,9.26,2016-07-09,2016-07-17,9,0.91,0.36,
290,32.8021,-111.834,0.86,4.63,2016-07-22,2016-07-26,5,0.52,0.17,
292,32.7854,-114.366,0.21,1.85,2016-01-20,2016-01-20,1,0.46,0.21,
294,32.7188,-114.017,4.29,11.11,2016-06-01,2016-06-10,10,2.12,0.43,
296,32.7188,-114.072,0.64,3.7,2016-06-09,2016-06-17,9,0.54,0.07,
298,32.7104,-114.111,0.21,1.85,2016-07-05,2016-07-05,1,0.46,0.21,
300,32.6479,-111.586,6.65,13.89,2016-01-15,2016-01-23,9,1.51,0.74,
302,32.6271,-114.697,0.21,1.85,2016-06-01,2016-06-01,1,0.46,0.21,
304,32.6229,-115.033,1.29,5.56,2016-08-01,2016-08-04,4,0.95,0.32,
306,32.6104,-111.584,0.21,1.85,2016-07-17,2016-07-17,1,0.46,0.21,
308,32.5146,-115.102,1.07,5.56,2016-07-07,2016-07-15,9,0.78,0.12,
310,32.4979,-110.293,4.29,13.89,2016-03-12,2016-03-17,6,2.04,0.71,
312,32.4604,-115.349,0.21,1.85,2016-09-26,2016-09-26,1,0.46,0.21,
314,32.4521,-116.75,3.22,10.19,2016-06-20,2016-06-21,2,1.93,1.61,
316,32.3896,-116.541,14.58,33.34,2016-07-13,2016-07-17,5,3.72,2.92,
318,32.2854,-115.017,0.21,1.85,2015-12-09,2015-12-09,1,0.46,0.21,
320,32.2688,-114.942,0.21,1.85,2016-07-01,2016-07-01,1,0.46,0.21,
322,32.2604,-115.005,0.21,1.85,2016-08-27,2016-08-27,1,0.46,0.21,
324,32.2396,-107.555,0.21,1.85,2016-09-23,2016-09-23,1,0.46,0.21,
326,32.2313,-114.919,0.21,1.85,2016-07-09,2016-07-09,1,0.46,0.21,
328,32.2313,-114.978,1.29,7.41,2016-06-24,2016-06-27,4,0.93,0.32,
330,32.2146,-114.986,1.71,8.33,2016-09-26,2016-10-12,17,0.58,0.1,
332,32.1813,-109.854,0.21,1.85,2016-09-19,2016-09-19,1,0.46,0.21,
334,32.1063,-109.887,5.79,16.67,2016-08-13,2016-08-18,6,1.55,0.96,
336,32.1604,-109.898,14.36,31.48,2016-09-15,2016-09-18,4,3.03,3.59,
338,32.1604,-109.927,1.07,5.56,2016-10-02,2016-10-06,5,0.54,0.21,
340,32.1438,-115.035,0.21,1.85,2016-10-12,2016-10-12,1,0.46,0.21,
342,32.0771,-109.788,4.29,19.45,2016-05-31,2016-06-08,9,1.28,0.48,
344,32.1063,-109.739,0.21,1.85,2016-06-03,2016-06-03,1,0.46,0.21,
346,32.0979,-109.729,0.43,2.78,2016-10-05,2016-10-06,2,0.66,0.21,
348,32.0688,-109.753,0.86,4.63,2016-09-29,2016-09-29,1,0.51,0.86,
350,32.0271,-109.767,0.86,4.63,2016-09-16,2016-09-18,3,0.48,0.29,
352,31.8979,-116.052,18.65,22.22,2016-07-20,2016-07-29,10,1.7,1.87,
354,31.7813,-107.857,0.21,1.85,2016-02-02,2016-02-02,1,0.46,0.21,
356,31.7729,-107.852,0.21,1.85,2016-02-05,2016-02-05,1,0.46,0.21,
358,31.6188,-111.338,3.0,10.19,2016-02-07,2016-02-10,4,1.77,0.75,
360,31.5896,-108.661,4.29,13.89,2016-03-07,2016-03-10,4,0.8,1.07,
362,31.5938,-111.508,0.21,1.85,2016-06-30,2016-06-30,1,0.46,0.21,
364,31.5646,-111.517,0.86,4.63,2016-06-08,2016-06-08,1,0.51,0.86,
366,31.5313,-110.343,4.07,12.96,2016-05-25,2016-05-26,2,1.47,2.04,
368,31.5188,-108.183,5.36,15.74,2016-01-11,2016-01-17,7,0.99,0.77,
370,31.5313,-108.896,0.21,1.85,2016-07-05,2016-07-05,1,0.46,0.21,
372,31.4688,-111.447,4.29,14.82,2016-05-05,2016-05-08,4,1.7,1.07,
374,31.4979,-109.239,0.21,1.85,2016-08-14,2016-08-14,1,0.46,0.21,
376,31.4479,-111.232,27.44,42.6,2016-06-01,2016-06-12,12,2.2,2.29,
378,31.4271,-115.953,1.71,7.41,2016-09-24,2016-09-27,4,0.83,0.43,
380,31.3813,-108.986,16.51,34.26,2016-03-02,2016-03-11,10,1.68,1.65,
382,31.3438,-115.958,0.21,1.85,2016-11-08,2016-11-08,1,0.46,0.21,
384,31.2521,-110.401,120.05,107.42,2016-06-02,2016-06-13,12,4.58,10.0,
386,31.3146,-108.791,9.43,20.37,2016-05-29,2016-06-05,8,2.17,1.18,
388,31.2438,-108.539,0.21,1.85,2016-07-12,2016-07-12,1,0.46,0.21,
390,31.2063,-110.381,0.21,1.85,2016-06-04,2016-06-04,1,0.46,0.21,
392,31.1563,-108.307,2.14,7.41,2016-11-05,2016-11-16,12,0.72,0.18,
394,31.1521,-108.244,0.43,3.7,2016-11-07,2016-11-10,4,0.31,0.11,
396,31.1438,-108.313,0.21,1.85,2016-11-13,2016-11-13,1,0.46,0.21,
398,31.1188,-108.265,2.57,11.11,2016-11-06,2016-11-17,12,1.3,0.21,
400,31.1146,-108.294,1.29,5.56,2016-11-07,2016-11-18,12,0.52,0.11,
402,31.0979,-107.511,0.21,1.85,2016-08-20,2016-08-20,1,0.46,0.21,
404,31.0563,-111.608,6.43,14.82,2016-03-01,2016-03-15,15,1.01,0.43,
406,30.9688,-112.978,2.14,8.33,2016-01-09,2016-01-13,5,0.8,0.43,
408,30.9354,-107.789,5.57,14.82,2016-06-07,2016-06-11,5,2.07,1.11,
410,30.9063,-112.948,0.21,1.85,2016-01-01,2016-01-01,1,0.46,0.21,
412,30.9188,-110.704,4.93,12.96,2016-04-18,2016-04-23,6,1.46,0.82,
414,30.8979,-108.267,0.21,1.85,2016-06-27,2016-06-27,1,0.46,0.21,
416,30.8729,-113.02,0.86,4.63,2015-12-25,2015-12-31,7,0.61,0.12,
418,30.8688,-112.738,1.71,6.48,2016-01-09,2016-01-10,2,1.11,0.86,
420,30.8563,-113.02,4.5,14.82,2016-01-01,2016-01-09,9,0.78,0.5,
422,30.8521,-112.801,1.07,6.48,2016-01-05,2016-01-09,5,0.5,0.21,
424,30.8438,-113.054,1.29,5.56,2016-01-09,2016-01-12,4,1.0,0.32,
426,30.8396,-112.753,0.21,1.85,2015-12-26,2015-12-26,1,0.46,0.21,
428,30.8313,-112.626,0.86,3.7,2016-01-10,2016-01-15,6,0.45,0.14,
430,30.8063,-112.655,2.57,8.33,2016-01-12,2016-01-19,8,0.85,0.32,
432,30.7938,-107.95,1.71,7.41,2015-12-14,2015-12-20,7,0.73,0.24,
434,30.7938,-112.485,1.93,7.41,2015-12-27,2016-01-03,8,0.64,0.24,
436,30.7729,-112.485,0.21,1.85,2016-01-01,2016-01-01,1,0.46,0.21,
438,30.7688,-112.437,0.21,1.85,2016-01-02,2016-01-02,1,0.46,0.21,
440,30.7896,-112.432,2.36,7.41,2016-01-09,2016-01-20,12,0.84,0.2,
442,30.7729,-112.437,0.21,1.85,2016-01-09,2016-01-09,1,0.46,0.21,
444,30.7729,-112.427,0.64,4.63,2016-01-17,2016-01-18,2,0.77,0.32,
446,30.7729,-112.48,1.29,5.56,2016-01-18,2016-01-18,1,1.05,1.29,
448,30.7854,-107.931,0.43,2.78,2015-12-14,2015-12-14,1,0.64,0.43,
450,30.7646,-112.951,1.71,7.41,2016-01-09,2016-01-13,5,0.76,0.34,
452,30.7688,-112.931,0.86,4.63,2016-01-05,2016-01-09,5,0.51,0.17,
454,30.7604,-107.937,0.43,2.78,2015-12-14,2015-12-14,1,0.46,0.43,
456,30.7396,-107.928,0.21,1.85,2015-12-09,2015-12-09,1,0.46,0.21,
458,30.7479,-107.947,0.21,1.85,2015-12-06,2015-12-06,1,0.46,0.21,
460,30.7188,-112.466,4.07,11.11,2016-01-01,2016-01-18,18,1.42,0.23,
462,30.7229,-113.033,0.43,2.78,2016-01-02,2016-01-05,4,0.31,0.11,
464,30.7188,-113.028,0.43,2.78,2016-01-11,2016-01-11,1,0.46,0.43,
466,30.7229,-112.422,2.14,7.41,2016-01-02,2016-01-09,8,0.77,0.27,
468,30.7271,-107.895,1.29,5.56,2015-12-09,2015-12-24,16,0.52,0.08,
470,30.6979,-112.345,0.21,1.85,2015-12-17,2015-12-17,1,0.46,0.21,
472,30.6979,-112.422,2.14,8.33,2015-12-27,2016-01-05,10,0.73,0.21,
474,30.6938,-107.892,0.21,1.85,2016-06-23,2016-06-23,1,0.46,0.21,
476,30.6479,-112.209,2.79,10.19,2016-01-09,2016-01-17,9,1.12,0.31,
478,30.6146,-112.94,0.86,4.63,2016-01-10,2016-01-20,11,0.71,0.08,
480,30.6021,-108.196,1.5,5.56,2016-02-10,2016-02-14,5,0.62,0.3,
482,30.5604,-108.149,1.5,6.48,2015-12-14,2015-12-16,3,0.94,0.5,
484,30.5479,-108.169,1.71,7.41,2016-01-10,2016-01-17,8,0.72,0.21,
486,30.5146,-112.359,1.71,6.48,2016-01-06,2016-01-16,11,0.64,0.16,
488,30.5188,-112.345,3.22,12.96,2016-01-07,2016-01-19,13,1.49,0.25,
490,30.5104,-112.277,0.21,1.85,2016-01-15,2016-01-15,1,0.46,0.21,
492,30.5104,-109.487,7.07,13.89,2016-06-18,2016-06-27,10,1.5,0.71,
494,30.4771,-112.181,1.29,5.56,2016-01-20,2016-01-25,6,0.64,0.21,
496,30.4438,-115.153,1.29,5.56,2016-06-04,2016-06-05,2,0.75,0.64,
498,30.3479,-106.528,1.07,5.56,2016-01-10,2016-01-14,5,0.66,0.21,
500,30.2188,-110.062,2.79,10.19,2016-06-13,2016-06-23,11,0.88,0.25,
502,30.1729,-106.43,0.43,2.78,2016-01-13,2016-01-13,1,0.63,0.43,
504,30.0854,-105.936,2.57,12.96,2015-12-02,2015-12-03,2,1.51,1.29,
506,30.0438,-107.258,1.07,6.48,2016-01-03,2016-01-06,4,0.73,0.27,
508,29.9813,-107.278,0.64,4.63,2016-01-28,2016-01-29,2,0.77,0.32,
510,29.9479,-107.458,1.93,9.26,2016-01-15,2016-01-18,4,0.97,0.48,
512,29.9146,-107.542,1.29,5.56,2016-01-18,2016-01-20,3,0.74,0.43,
514,29.8438,-108.989,2.36,8.33,2016-06-06,2016-06-07,2,1.13,1.18,
516,29.7854,-107.528,4.93,14.82,2016-05-29,2016-06-13,16,1.02,0.31,
518,29.6479,-112.352,0.64,3.7,2016-02-03,2016-02-03,1,0.52,0.64,
520,29.5063,-110.926,1.07,5.56,2016-05-15,2016-05-16,2,0.53,0.54,
522,29.4896,-107.974,0.43,3.7,2016-01-16,2016-01-19,4,0.31,0.11,
524,29.4688,-106.051,0.43,3.7,2016-07-07,2016-07-07,1,0.47,0.43,
526,29.3396,-107.762,1.71,6.48,2016-02-19,2016-02-19,1,1.09,1.71,
528,29.2688,-107.023,0.86,4.63,2016-02-13,2016-02-15,3,0.78,0.29,
530,29.2438,-107.842,0.64,5.56,2016-01-16,2016-01-17,2,0.77,0.32,
532,29.2438,-107.866,0.21,1.85,2016-01-20,2016-01-20,1,0.46,0.21,
534,29.2313,-107.862,0.21,1.85,2016-01-17,2016-01-17,1,0.46,0.21,
536,29.2313,-107.829,0.43,3.7,2016-01-16,2016-01-18,3,0.35,0.14,
538,29.1896,-106.764,5.36,18.52,2016-01-13,2016-01-30,18,0.94,0.3,
540,29.1938,-106.802,0.64,3.7,2016-02-11,2016-02-15,5,0.42,0.13,
542,29.0938,-107.074,1.29,5.56,2016-01-23,2016-02-01,10,0.61,0.13,
544,29.0813,-106.937,3.86,15.74,2016-04-25,2016-04-26,2,2.89,1.93,
546,29.0688,-106.767,1.07,6.48,2016-01-13,2016-01-15,3,1.02,0.36,
548,29.0646,-103.059,3.86,11.11,2016-07-20,2016-08-02,14,0.69,0.28,
550,28.9938,-111.468,1.07,5.56,2016-01-06,2016-01-09,4,0.46,0.27,
552,28.9938,-106.694,1.5,6.48,2016-01-06,2016-01-10,5,0.81,0.3,
554,28.9813,-107.534,1.29,5.56,2016-01-26,2016-01-27,2,0.7,0.64,
556,28.9771,-110.811,0.43,2.78,2016-03-01,2016-03-05,5,0.29,0.09,
558,28.9604,-107.431,0.64,3.7,2016-01-14,2016-01-19,6,0.35,0.11,
560,28.9396,-107.438,5.57,16.67,2016-01-15,2016-02-03,20,1.1,0.28,
562,28.9271,-107.349,0.43,2.78,2016-01-27,2016-01-29,3,0.47,0.14,
564,28.9146,-111.287,2.57,8.33,2015-11-24,2015-11-29,6,1.03,0.43,
566,28.8688,-107.289,2.79,10.19,2016-01-12,2016-01-17,6,0.68,0.46,
568,28.8688,-109.292,3.22,9.26,2016-06-02,2016-06-10,9,0.91,0.36,
570,28.8521,-107.31,2.36,10.19,2016-01-14,2016-01-19,6,1.33,0.39,
572,28.8188,-106.862,0.86,4.63,2016-01-26,2016-01-26,1,0.79,0.86,
574,28.7979,-107.107,3.22,9.26,2016-01-12,2016-01-14,3,1.22,1.07,
576,28.7979,-107.064,2.79,12.96,2016-01-15,2016-01-22,8,0.72,0.35,
578,28.7938,-107.05,1.71,8.33,2016-01-30,2016-02-09,11,0.85,0.16,
580,28.8104,-107.015,0.64,3.7,2016-01-13,2016-01-20,8,0.52,0.08,
582,28.7771,-107.156,2.57,10.19,2016-02-11,2016-02-23,13,0.88,0.2,
584,28.8021,-107.125,0.43,2.78,2016-01-13,2016-01-13,1,0.46,0.43,
586,28.7771,-107.133,2.36,8.33,2016-01-14,2016-01-20,7,0.56,0.34,
588,28.7771,-107.023,0.64,4.63,2016-01-15,2016-01-20,6,0.39,0.11,
590,28.7354,-107.004,19.72,27.78,2016-01-11,2016-02-02,23,1.18,0.86,
592,28.7021,-107.051,29.8,64.82,2016-01-12,2016-01-27,16,4.34,1.86,
594,28.7313,-107.095,2.36,8.33,2016-01-27,2016-02-02,7,0.89,0.34,
596,28.7021,-107.013,3.43,10.19,2016-02-04,2016-02-04,1,1.71,3.43,
598,28.7438,-111.504,0.86,4.63,2016-07-27,2016-07-31,5,0.51,0.17,
600,28.7396,-107.08,0.21,1.85,2015-12-14,2015-12-14,1,0.46,0.21,
602,28.7021,-106.951,1.07,5.56,2016-01-13,2016-01-13,1,0.95,1.07,
604,28.6979,-107.08,1.71,6.48,2016-01-13,2016-01-17,5,0.72,0.34,
606,28.6854,-107.067,0.43,2.78,2015-12-14,2015-12-14,1,0.46,0.43,
608,28.6729,-106.95,0.43,2.78,2016-01-28,2016-01-28,1,0.46,0.43,
610,28.6521,-107.062,0.64,4.63,2016-02-02,2016-02-03,2,0.93,0.32,
612,28.6604,-107.009,5.79,15.74,2016-01-11,2016-01-17,7,1.44,0.83,
614,28.6479,-110.144,10.08,17.59,2016-02-10,2016-02-26,17,2.41,0.59,
616,28.6563,-106.957,0.43,2.78,2016-01-14,2016-01-14,1,0.46,0.43,
618,28.6479,-107.015,0.86,4.63,2016-02-02,2016-02-03,2,0.79,0.43,
620,28.6354,-106.831,0.43,2.78,2016-01-12,2016-01-15,4,0.31,0.11,
622,28.6146,-108.765,1.5,5.56,2016-04-10,2016-04-14,5,1.11,0.3,
624,28.5979,-106.84,0.43,2.78,2016-01-14,2016-01-17,4,0.31,0.11,
626,28.5854,-106.861,1.5,5.56,2016-01-13,2016-01-15,3,0.73,0.5,
628,28.5771,-106.952,1.5,7.41,2016-01-19,2016-01-29,11,0.93,0.14,
630,28.5604,-109.155,1.5,7.41,2016-06-03,2016-06-10,8,0.53,0.19,
632,28.5646,-106.887,1.71,6.48,2016-01-13,2016-01-13,1,1.01,1.71,
634,28.5479,-106.832,4.72,13.89,2016-01-12,2016-01-18,7,1.04,0.67,
636,28.5396,-106.677,1.07,5.56,2016-01-18,2016-01-23,6,0.71,0.18,
638,28.5063,-107.26,1.71,7.41,2016-02-02,2016-02-11,10,0.48,0.17,
640,28.5104,-106.956,1.29,5.56,2016-01-13,2016-01-19,7,0.84,0.18,
642,28.5146,-106.974,0.86,3.7,2016-02-17,2016-02-17,1,0.63,0.86,
644,28.4938,-107.285,4.29,12.04,2016-01-16,2016-01-22,7,0.97,0.61,
646,28.4938,-108.783,2.36,9.26,2016-03-15,2016-03-22,8,0.76,0.29,
648,28.4813,-106.921,0.64,3.7,2016-01-20,2016-01-21,2,0.57,0.32,
650,28.3938,-108.855,0.43,3.7,2016-05-18,2016-05-20,3,0.35,0.14,
652,28.3854,-108.842,0.43,3.7,2016-05-18,2016-05-20,3,0.35,0.14,
654,28.3854,-107.17,1.71,6.48,2016-01-15,2016-01-17,3,0.95,0.57,
656,28.3646,-107.528,0.43,2.78,2016-01-13,2016-01-15,3,0.35,0.14,
658,28.3104,-107.109,8.57,24.08,2016-01-11,2016-01-22,12,0.99,0.71,
660,28.3271,-107.14,0.86,5.56,2016-02-18,2016-02-23,6,0.7,0.14,
662,28.3229,-107.074,1.71,6.48,2016-01-17,2016-01-25,9,0.54,0.19,
664,28.3146,-108.561,1.29,6.48,2016-05-14,2016-05-15,2,0.87,0.64,
666,28.3104,-106.896,0.64,3.7,2016-01-13,2016-01-15,3,0.57,0.21,
668,28.2854,-111.257,10.72,18.52,2016-05-31,2016-06-13,14,1.91,0.77,
670,28.2854,-106.913,3.22,11.11,2016-01-10,2016-01-17,8,0.79,0.4,
672,28.2604,-108.047,0.86,5.56,2016-04-28,2016-05-05,8,0.58,0.11,
674,28.2604,-106.926,1.93,6.48,2016-01-13,2016-01-15,3,0.78,0.64,
676,28.2354,-106.996,0.43,3.7,2016-01-10,2016-01-12,3,0.35,0.14,
678,28.2271,-107.044,2.14,8.33,2016-01-14,2016-01-17,4,0.69,0.54,
680,28.1771,-106.951,0.43,3.7,2016-02-10,2016-02-11,2,0.47,0.21,
682,28.1479,-106.984,0.43,3.7,2016-01-02,2016-01-04,3,0.35,0.14,
684,28.1396,-107.004,2.57,9.26,2016-01-07,2016-01-21,15,0.73,0.17,
686,28.0813,-107.002,0.64,3.7,2016-01-14,2016-01-15,2,0.57,0.32,
688,28.0396,-109.118,3.22,10.19,2016-06-01,2016-06-06,6,0.97,0.54,
690,27.9146,-107.596,8.79,19.45,2016-05-05,2016-05-17,13,1.68,0.68,
692,27.7396,-110.553,1.07,4.63,2015-11-08,2015-11-11,4,0.68,0.27,
694,27.6854,-110.569,0.21,1.85,2015-11-16,2015-11-16,1,0.46,0.21,
696,27.4104,-110.109,0.21,1.85,2016-04-14,2016-04-14,1,0.46,0.21,
698,27.3854,-110.197,0.21,1.85,2016-07-08,2016-07-08,1,0.46,0.21,
700,27.3563,-108.235,2.79,11.11,2016-06-03,2016-06-08,6,0.9,0.46,
702,27.3104,-110.113,0.21,1.85,2016-04-30,2016-04-30,1,0.46,0.21,
704,27.3104,-110.123,0.21,1.85,2016-06-01,2016-06-01,1,0.46,0.21,
706,27.2646,-110.011,0.64,3.7,2016-05-02,2016-05-05,4,0.51,0.16,
708,27.1854,-109.662,0.21,1.85,2016-03-17,2016-03-17,1,0.46,0.21,
710,27.1771,-108.651,4.5,12.04,2016-05-23,2016-06-03,12,0.7,0.38,
712,27.1563,-108.65,0.86,4.63,2016-05-25,2016-05-28,4,0.44,0.21,
714,27.1521,-109.76,2.14,10.19,2016-06-29,2016-07-02,4,0.83,0.54,
716,27.1479,-109.747,0.86,6.48,2016-09-23,2016-09-27,5,0.88,0.17,
718,27.1229,-109.933,0.21,1.85,2016-06-01,2016-06-01,1,0.46,0.21,
720,27.1146,-109.723,0.86,4.63,2016-09-18,2016-09-19,2,0.7,0.43,
722,27.0854,-101.678,2.57,11.11,2016-01-31,2016-02-02,3,1.14,0.86,
724,27.0563,-108.567,6.86,15.74,2016-05-14,2016-06-06,24,0.98,0.29,
726,27.0563,-104.973,0.86,4.63,2015-11-26,2015-11-29,4,0.5,0.21,
728,26.9729,-105.232,0.21,1.85,2015-12-03,2015-12-03,1,0.46,0.21,
730,26.8313,-108.023,1.29,6.48,2016-06-15,2016-06-19,5,1.08,0.26,
732,26.7813,-107.36,1.93,6.48,2016-06-05,2016-06-12,8,0.51,0.24,
734,26.7229,-107.729,2.79,9.26,2016-06-03,2016-06-08,6,0.78,0.46,
736,26.6229,-108.012,3.64,11.11,2016-06-04,2016-06-12,9,0.98,0.4,
738,26.5979,-102.224,0.21,1.85,2015-11-11,2015-11-11,1,0.46,0.21,
740,26.5938,-106.945,0.64,5.56,2016-05-01,2016-05-04,4,0.47,0.16,
742,26.5854,-101.668,0.86,4.63,2016-06-16,2016-06-18,3,0.53,0.29,
744,26.5646,-106.951,0.21,1.85,2016-05-24,2016-05-24,1,0.46,0.21,
746,26.5479,-107.611,2.36,7.41,2016-05-09,2016-05-14,6,0.7,0.39,
748,26.4979,-107.415,2.57,8.33,2016-05-14,2016-05-23,10,0.78,0.26,
750,26.5021,-109.188,0.64,4.63,2016-10-02,2016-10-04,3,0.47,0.21,
752,26.4854,-107.24,5.57,12.96,2016-05-31,2016-06-07,8,0.85,0.7,
754,26.4688,-109.161,0.21,1.85,2016-09-11,2016-09-11,1,0.46,0.21,
756,26.4271,-107.377,0.64,3.7,2016-05-29,2016-06-05,8,0.33,0.08,
758,26.4271,-109.08,3.86,17.59,2015-12-01,2015-12-07,7,1.4,0.55,
760,26.4188,-107.955,0.64,3.7,2016-06-03,2016-06-04,2,0.47,0.32,
762,26.3688,-107.657,2.57,10.19,2016-06-03,2016-06-12,10,1.05,0.26,
764,26.3563,-106.827,5.57,14.82,2016-05-24,2016-06-07,15,1.39,0.37,
766,26.3604,-107.105,0.43,2.78,2016-06-12,2016-06-14,3,0.35,0.14,
768,26.3438,-107.643,1.29,9.26,2016-06-05,2016-06-14,10,1.2,0.13,
770,26.3104,-107.087,0.43,3.7,2016-05-27,2016-05-27,1,0.47,0.43,
772,26.3021,-107.075,0.43,2.78,2016-05-28,2016-05-28,1,0.46,0.43,
774,26.2938,-107.276,0.43,2.78,2016-05-25,2016-05-25,1,0.46,0.43,
776,26.2896,-107.444,1.29,5.56,2016-04-16,2016-04-18,3,0.66,0.43,
778,26.2813,-107.074,1.29,6.48,2016-05-11,2016-05-13,3,0.64,0.43,
780,26.2771,-108.0,7.29,21.3,2016-05-29,2016-06-06,9,0.96,0.81,
782,26.2521,-108.018,8.15,20.37,2016-05-30,2016-06-08,10,0.85,0.81,
784,26.2771,-107.251,1.71,6.48,2016-05-20,2016-05-27,8,0.95,0.21,
786,26.2604,-107.282,0.64,3.7,2016-06-04,2016-06-04,1,0.51,0.64,
788,26.2521,-107.182,6.22,12.96,2016-06-03,2016-06-14,12,1.02,0.52,
790,26.2271,-107.442,0.43,2.78,2016-05-27,2016-05-27,1,0.46,0.43,
792,26.2188,-109.037,0.21,1.85,2016-06-02,2016-06-02,1,0.46,0.21,
794,26.2229,-107.903,0.64,4.63,2016-06-10,2016-06-12,3,0.47,0.21,
796,26.1896,-107.454,9.65,24.08,2016-05-20,2016-06-14,26,1.38,0.37,
798,26.1938,-109.037,0.21,1.85,2016-07-28,2016-07-28,1,0.46,0.21,
800,26.1938,-109.018,0.86,4.63,2016-07-21,2016-07-25,5,0.47,0.17,
802,26.1896,-107.616,2.57,7.41,2016-05-26,2016-05-31,6,0.76,0.43,
804,26.1854,-107.385,0.43,2.78,2016-06-03,2016-06-05,3,0.35,0.14,
806,26.1771,-109.021,0.43,2.78,2016-06-03,2016-06-06,4,0.31,0.11,
808,26.1646,-109.0,0.21,1.85,2016-07-21,2016-07-21,1,0.46,0.21,
810,26.1521,-107.34,21.87,37.97,2016-05-18,2016-06-04,18,1.87,1.21,
812,26.1604,-107.367,1.93,7.41,2016-05-20,2016-05-27,8,0.54,0.24,
814,26.1479,-107.722,1.07,5.56,2016-06-15,2016-06-15,1,1.21,1.07,
816,26.1354,-107.307,3.22,11.11,2016-06-04,2016-06-05,2,1.81,1.61,
818,26.0354,-107.748,16.29,33.34,2016-05-20,2016-05-31,12,1.73,1.36,
820,26.0813,-106.533,2.36,7.41,2016-05-01,2016-05-03,3,1.08,0.79,
822,26.0479,-108.251,11.79,18.52,2016-05-26,2016-06-05,11,1.2,1.07,
824,26.0271,-107.778,0.43,2.78,2016-05-25,2016-05-25,1,0.46,0.43,
826,26.0104,-109.399,0.43,2.78,2016-05-31,2016-05-31,1,0.46,0.43,
828,26.0063,-108.014,0.64,3.7,2016-05-26,2016-05-30,5,0.41,0.13,
830,25.9229,-108.882,0.43,2.78,2016-07-03,2016-07-07,5,0.38,0.09,
832,25.9063,-108.89,6.86,16.67,2016-07-10,2016-07-23,14,0.78,0.49,
834,25.9146,-108.874,0.21,1.85,2016-07-18,2016-07-18,1,0.46,0.21,
836,25.9188,-107.836,1.07,4.63,2016-05-22,2016-05-24,3,0.59,0.36,
838,25.9104,-107.55,1.29,5.56,2016-05-25,2016-06-03,10,0.81,0.13,
840,25.9021,-108.877,0.21,1.85,2016-07-16,2016-07-16,1,0.46,0.21,
842,25.8979,-108.929,0.21,1.85,2016-08-31,2016-08-31,1,0.46,0.21,
844,25.8771,-108.882,0.21,1.85,2016-07-28,2016-07-28,1,0.46,0.21,
846,25.8771,-108.502,0.64,3.7,2016-07-06,2016-07-08,3,0.47,0.21,
848,25.8521,-108.483,8.15,20.37,2016-07-06,2016-07-21,16,1.87,0.51,
850,25.8438,-108.467,0.21,1.85,2016-07-08,2016-07-08,1,0.46,0.21,
852,25.8021,-108.831,0.43,2.78,2016-07-20,2016-07-21,2,0.46,0.21,
854,25.8021,-108.826,0.86,4.63,2016-07-25,2016-07-30,6,0.63,0.14,
856,25.8063,-108.793,0.43,2.78,2016-07-09,2016-07-11,3,0.35,0.14,
858,25.8104,-108.894,0.21,1.85,2016-07-04,2016-07-04,1,0.46,0.21,
860,25.7979,-108.924,5.79,15.74,2016-07-25,2016-08-01,8,1.26,0.72,
862,25.7979,-108.795,0.43,2.78,2016-07-15,2016-07-15,1,0.46,0.43,
864,25.7854,-108.82,0.21,1.85,2016-07-16,2016-07-16,1,0.46,0.21,
866,25.7604,-107.645,0.43,2.78,2016-05-31,2016-06-04,5,0.29,0.09,
868,25.7688,-108.893,1.29,5.56,2016-07-05,2016-07-05,1,0.82,1.29,
870,25.7604,-103.528,0.21,1.85,2015-11-04,2015-11-04,1,0.46,0.21,
872,25.7271,-108.966,1.71,6.48,2016-07-01,2016-07-06,6,1.13,0.29,
874,25.7271,-108.98,0.21,1.85,2016-07-17,2016-07-17,1,0.46,0.21,
876,25.7396,-108.977,0.21,1.85,2016-07-30,2016-07-30,1,0.46,0.21,
878,25.7229,-108.333,12.0,22.22,2016-07-06,2016-07-16,11,1.47,1.09,
880,25.7146,-108.51,0.86,4.63,2016-07-10,2016-07-16,7,0.44,0.12,
882,25.6854,-108.512,8.79,26.85,2016-07-06,2016-07-21,16,0.93,0.55,
884,25.6979,-108.967,0.21,1.85,2016-07-28,2016-07-28,1,0.46,0.21,
886,25.5854,-99.9348,0.21,1.85,2016-02-18,2016-02-18,1,0.46,0.21,
888,25.5521,-108.686,1.71,7.41,2016-07-17,2016-07-25,9,0.52,0.19,
890,25.3771,-108.21,50.16,86.12,2016-07-03,2016-07-31,29,2.14,1.73,
892,25.3646,-108.203,0.86,4.63,2016-07-05,2016-07-07,3,0.7,0.29,
894,25.3729,-108.243,10.29,27.78,2016-07-12,2016-07-24,13,1.24,0.79,
896,25.3854,-103.361,0.21,1.85,2016-05-30,2016-05-30,1,0.46,0.21,
898,25.3688,-108.276,0.64,3.7,2016-07-15,2016-07-24,10,0.47,0.06,
900,25.2896,-108.123,78.89,100.93,2016-07-03,2016-07-19,17,4.96,4.64,
902,25.2938,-108.112,12.0,35.19,2016-07-08,2016-07-15,8,1.44,1.5,
904,25.3229,-99.5835,3.22,12.96,2015-12-31,2016-01-11,12,1.4,0.27,
906,25.2729,-107.564,0.21,1.85,2016-05-16,2016-05-16,1,0.46,0.21,
908,25.2563,-107.632,1.29,5.56,2016-05-30,2016-06-05,7,0.61,0.18,
910,25.2104,-107.044,8.36,22.22,2016-04-23,2016-05-04,12,1.37,0.7,
912,25.2188,-108.138,3.86,10.19,2016-07-08,2016-07-15,8,0.81,0.48,
914,25.2021,-108.109,1.5,5.56,2016-07-09,2016-07-13,5,0.55,0.3,
916,25.2146,-108.102,0.43,2.78,2016-07-12,2016-07-12,1,0.46,0.43,
918,25.0521,-107.958,49.52,50.0,2016-07-05,2016-07-23,19,3.57,2.61,
920,25.0646,-99.5749,0.21,1.85,2016-06-18,2016-06-18,1,0.46,0.21,
922,25.0104,-107.903,24.22,36.11,2016-07-01,2016-07-21,21,1.79,1.15,
924,25.0354,-107.911,0.43,2.78,2016-07-09,2016-07-09,1,0.46,0.43,
926,25.0188,-107.703,1.71,7.41,2016-07-05,2016-07-06,2,1.07,0.86,
928,24.9479,-107.811,0.64,3.7,2016-07-05,2016-07-07,3,0.46,0.21,
930,24.9354,-107.759,0.21,1.85,2016-07-04,2016-07-04,1,0.46,0.21,
932,24.9271,-107.867,4.72,12.04,2016-07-03,2016-07-09,7,0.78,0.67,
934,24.9063,-107.858,4.29,12.04,2016-07-04,2016-07-06,3,2.07,1.43,
936,24.9104,-107.701,0.21,1.85,2016-07-05,2016-07-05,1,0.46,0.21,
938,24.8938,-106.065,9.0,21.3,2016-06-01,2016-06-12,12,1.05,0.75,
940,24.9021,-107.689,0.43,3.7,2016-07-01,2016-07-07,7,0.28,0.06,
942,24.9063,-106.296,0.21,1.85,2016-05-15,2016-05-15,1,0.46,0.21,
944,24.8979,-106.325,0.21,1.85,2016-06-05,2016-06-05,1,0.46,0.21,
946,24.8896,-106.332,1.07,5.56,2016-06-05,2016-06-15,11,0.97,0.1,
948,24.8813,-107.712,0.43,2.78,2016-07-07,2016-07-07,1,0.46,0.43,
950,24.8605,-106.344,3.43,13.89,2016-05-23,2016-06-05,14,1.06,0.24,
952,24.848,-106.36,4.29,12.96,2016-05-25,2016-06-06,13,0.9,0.33,
954,24.8646,-107.748,1.07,5.56,2016-07-04,2016-07-08,5,0.47,0.21,
956,24.8688,-107.568,0.86,5.56,2016-07-05,2016-07-07,3,0.76,0.29,
958,24.8563,-107.644,2.57,8.33,2016-07-05,2016-07-09,5,0.72,0.51,
960,24.8521,-107.76,0.86,4.63,2016-07-05,2016-07-08,4,0.5,0.21,
962,24.8438,-107.702,2.36,11.11,2016-06-30,2016-07-07,8,1.3,0.29,
964,24.823,-107.583,0.21,1.85,2016-06-26,2016-06-26,1,0.46,0.21,
966,24.8146,-107.576,2.57,8.33,2016-06-26,2016-07-05,10,1.11,0.26,
968,24.8021,-106.28,3.0,12.04,2016-06-03,2016-06-12,10,1.28,0.3,
970,24.7896,-106.228,0.64,4.63,2016-05-31,2016-06-03,4,0.68,0.16,
972,24.748,-106.275,5.79,12.96,2016-05-25,2016-06-08,15,1.08,0.39,
974,24.7313,-107.637,11.15,19.45,2016-06-28,2016-07-07,10,1.74,1.11,
976,24.7521,-106.255,0.21,1.85,2016-06-03,2016-06-03,1,0.46,0.21,
978,24.7355,-106.296,0.64,3.7,2016-05-11,2016-05-16,6,0.55,0.11,
980,24.7188,-107.442,4.93,12.96,2016-06-24,2016-06-30,7,1.28,0.7,
982,24.7105,-99.5649,0.21,1.85,2016-06-15,2016-06-15,1,0.46,0.21,
984,24.6896,-99.5666,0.21,1.85,2016-06-24,2016-06-24,1,0.46,0.21,
986,24.6855,-102.64,1.07,4.63,2015-11-07,2015-11-08,2,0.49,0.54,
988,24.673,-107.637,9.65,25.0,2016-06-29,2016-07-09,11,2.71,0.88,
990,24.6563,-107.402,6.0,15.74,2016-06-26,2016-07-04,9,2.05,0.67,
992,24.623,-106.494,0.21,1.85,2016-06-03,2016-06-03,1,0.46,0.21,
994,24.6105,-107.477,1.93,6.48,2016-07-02,2016-07-05,4,0.53,0.48,
996,24.6063,-107.341,0.86,6.48,2016-07-03,2016-07-05,3,1.53,0.29,
998,24.6021,-107.36,0.21,1.85,2016-07-02,2016-07-02,1,0.46,0.21,
1000,24.573,-107.358,1.29,5.56,2016-09-12,2016-09-18,7,0.49,0.18,
1002,24.548,-107.424,0.21,1.85,2016-09-13,2016-09-13,1,0.46,0.21,
1004,24.5521,-105.1,3.86,11.11,2016-06-15,2016-06-23,9,0.78,0.43,
1006,24.5396,-107.334,0.21,1.85,2016-07-02,2016-07-02,1,0.46,0.21,
1008,24.5021,-107.38,0.21,1.85,2016-07-05,2016-07-05,1,0.46,0.21,
1010,24.5188,-107.381,0.43,2.78,2016-07-13,2016-07-13,1,0.46,0.43,
1012,24.5021,-107.43,6.86,27.78,2016-07-01,2016-07-07,7,3.23,0.98,
1014,24.5021,-106.501,0.64,3.7,2016-05-06,2016-05-06,1,0.51,0.64,
1016,24.4355,-107.291,11.79,45.37,2016-07-03,2016-07-07,5,3.45,2.36,
1018,24.4521,-107.392,0.64,4.63,2016-07-01,2016-07-06,6,0.47,0.11,
1020,24.448,-107.407,3.0,12.04,2016-07-01,2016-07-09,9,1.18,0.33,
1022,24.3605,-107.182,0.86,4.63,2016-07-05,2016-07-05,1,0.79,0.86,
1024,24.3521,-107.225,4.29,14.82,2016-07-01,2016-07-07,7,1.74,0.61,
1026,24.2938,-107.217,5.57,15.74,2016-07-03,2016-07-07,5,0.95,1.11,
1028,24.3271,-106.093,1.29,4.63,2016-05-22,2016-05-27,6,0.58,0.21,
1030,24.2813,-106.859,3.86,10.19,2016-05-17,2016-05-20,4,1.66,0.96,
1032,24.2688,-104.814,1.5,5.56,2016-06-07,2016-06-08,2,0.81,0.75,
1034,24.2688,-107.315,0.43,2.78,2016-07-01,2016-07-02,2,0.46,0.21,
1036,24.2563,-107.153,0.21,1.85,2016-07-02,2016-07-02,1,0.46,0.21,
1038,24.2396,-107.317,0.21,1.85,2016-07-02,2016-07-02,1,0.46,0.21,
1040,24.2146,-98.927,0.21,1.85,2016-06-30,2016-06-30,1,0.46,0.21,
1042,24.1396,-98.8917,0.43,3.7,2016-06-22,2016-06-26,5,0.3,0.09,
1044,24.1063,-98.9435,1.07,5.56,2016-08-17,2016-08-24,8,0.48,0.13,
1046,24.0855,-103.482,1.29,6.48,2015-11-02,2015-11-04,3,0.68,0.43,
1048,24.0771,-105.853,0.43,3.7,2016-04-05,2016-04-05,1,0.48,0.43,
1050,24.0605,-99.0725,1.29,5.56,2016-02-16,2016-02-18,3,0.73,0.43,
1052,23.9896,-104.435,1.93,8.33,2016-01-07,2016-01-10,4,1.39,0.48,
1054,23.9396,-106.916,0.86,5.56,2016-09-02,2016-09-06,5,0.68,0.17,
1056,23.9438,-106.053,1.29,5.56,2016-05-31,2016-06-01,2,0.86,0.64,
1058,23.9063,-101.424,0.21,1.85,2016-05-13,2016-05-13,1,0.46,0.21,
1060,23.8688,-99.0665,2.14,8.33,2016-02-11,2016-02-22,12,0.92,0.18,
1062,23.7688,-106.256,0.21,1.85,2016-04-14,2016-04-14,1,0.46,0.21,
1064,23.8021,-99.0566,0.86,4.63,2016-01-01,2016-01-08,8,0.64,0.11,
1066,23.7646,-98.8687,0.64,3.7,2016-06-14,2016-06-15,2,0.5,0.32,
1068,23.7313,-98.7614,0.43,2.78,2016-06-14,2016-06-16,3,0.42,0.14,
1070,23.698,-98.3676,0.21,1.85,2016-04-01,2016-04-01,1,0.46,0.21,
1072,23.673,-98.9266,0.21,1.85,2016-05-31,2016-05-31,1,0.46,0.21,
1074,23.6355,-104.66,0.21,1.85,2016-05-16,2016-05-16,1,0.46,0.21,
1076,23.6271,-104.658,4.29,20.37,2016-05-02,2016-05-11,10,2.15,0.43,
1078,23.6105,-101.989,0.21,1.85,2016-03-16,2016-03-16,1,0.46,0.21,
1080,23.5438,-105.964,0.21,1.85,2016-05-17,2016-05-17,1,0.46,0.21,
1082,23.5355,-103.154,4.72,14.82,2016-05-11,2016-05-17,7,0.9,0.67,
1084,23.5146,-103.192,0.21,1.85,2016-05-17,2016-05-17,1,0.46,0.21,
1086,23.4771,-105.229,3.64,11.11,2016-06-19,2016-06-23,5,1.32,0.73,
1088,23.4646,-98.6971,0.21,1.85,2016-04-15,2016-04-15,1,0.46,0.21,
1090,23.4521,-105.15,0.43,2.78,2016-05-02,2016-05-02,1,0.46,0.43,
1092,23.4521,-105.055,0.43,3.7,2016-06-03,2016-06-03,1,0.48,0.43,
1094,23.4146,-99.2591,0.64,3.7,2016-04-04,2016-04-04,1,0.68,0.64,
1096,23.3438,-104.765,0.21,1.85,2016-06-16,2016-06-16,1,0.46,0.21,
1098,23.3313,-104.769,0.21,1.85,2016-06-18,2016-06-18,1,0.46,0.21,
1100,23.3021,-104.977,2.79,8.33,2016-05-06,2016-05-11,6,0.92,0.46,
1102,23.298,-105.051,0.21,1.85,2016-06-03,2016-06-03,1,0.46,0.21,
1104,23.2896,-103.071,1.29,5.56,2016-01-13,2016-01-18,6,0.67,0.21,
1106,23.2521,-105.087,1.93,9.26,2016-06-02,2016-06-04,3,1.37,0.64,
1108,23.2355,-105.369,9.86,29.63,2016-05-25,2016-06-07,14,2.11,0.7,
1110,23.223,-104.375,7.07,14.82,2016-05-29,2016-06-07,10,2.17,0.71,
1112,23.2146,-105.416,0.43,2.78,2016-05-07,2016-05-08,2,0.46,0.21,
1114,23.1855,-105.361,1.93,8.33,2016-05-20,2016-05-25,6,1.09,0.32,
1116,23.1813,-105.335,0.43,2.78,2016-06-01,2016-06-05,5,0.29,0.09,
1118,23.1688,-103.091,1.29,5.56,2016-01-08,2016-01-13,6,0.81,0.21,
1120,23.173,-98.4082,0.64,3.7,2016-04-04,2016-04-04,1,0.85,0.64,
1122,23.1688,-105.344,0.43,2.78,2016-06-05,2016-06-05,1,0.46,0.43,
1124,23.1521,-98.7509,0.21,1.85,2016-06-29,2016-06-29,1,0.46,0.21,
1126,23.1105,-98.6523,2.57,12.04,2016-02-15,2016-02-23,9,1.23,0.29,
1128,23.1021,-102.224,1.29,5.56,2016-02-26,2016-03-03,7,0.68,0.18,
1130,23.0896,-98.6732,0.43,3.7,2016-02-18,2016-02-19,2,0.49,0.21,
1132,23.0855,-104.649,0.21,1.85,2016-05-18,2016-05-18,1,0.46,0.21,
1134,23.0438,-105.336,2.57,8.33,2016-04-25,2016-04-30,6,0.99,0.43,
1136,23.073,-98.6882,1.93,6.48,2016-03-01,2016-03-06,6,0.54,0.32,
1138,23.073,-98.3757,1.07,6.48,2016-06-09,2016-06-11,3,1.15,0.36,
1140,23.0646,-102.395,2.14,7.41,2016-01-15,2016-02-01,18,0.7,0.12,
1142,23.0438,-104.901,1.5,5.56,2016-05-04,2016-05-06,3,0.91,0.5,
1144,23.0271,-104.925,2.36,10.19,2016-05-20,2016-05-26,7,1.09,0.34,
1146,23.0271,-104.916,3.22,12.04,2016-05-23,2016-05-27,5,1.08,0.64,
1148,23.0271,-104.535,10.93,21.3,2016-05-02,2016-05-13,12,1.47,0.91,
1150,23.0105,-104.522,1.07,5.56,2016-05-20,2016-05-20,1,0.78,1.07,
1152,23.0313,-105.299,0.21,1.85,2016-05-01,2016-05-01,1,0.46,0.21,
1154,23.023,-105.456,0.21,1.85,2016-06-03,2016-06-03,1,0.46,0.21,
1156,23.0146,-105.372,0.21,1.85,2016-05-01,2016-05-01,1,0.46,0.21,
1158,23.0105,-102.227,2.14,7.41,2016-02-23,2016-03-02,9,0.7,0.24,
1160,22.998,-104.888,1.07,4.63,2016-05-18,2016-05-20,3,0.51,0.36,
1162,22.9855,-104.861,1.71,7.41,2016-05-29,2016-06-03,6,0.67,0.29,
1164,22.9938,-98.9923,0.21,1.85,2016-02-07,2016-02-07,1,0.46,0.21,
1166,22.9855,-99.0451,2.36,7.41,2016-06-04,2016-06-12,9,1.12,0.26,
1168,22.9688,-104.866,8.36,15.74,2016-05-15,2016-05-25,11,1.65,0.76,
1170,22.9855,-98.9817,0.43,2.78,2016-06-09,2016-06-12,4,0.31,0.11,
1172,22.9771,-98.9711,0.21,1.85,2016-02-16,2016-02-16,1,0.46,0.21,
1174,22.9646,-105.184,9.22,22.22,2016-05-18,2016-05-28,11,1.15,0.84,
1176,22.9646,-105.111,4.93,12.04,2016-05-20,2016-05-25,6,1.02,0.82,
1178,22.9646,-98.4325,2.79,8.33,2016-04-23,2016-05-06,14,0.7,0.2,
1180,22.9563,-106.109,0.21,1.85,2016-09-10,2016-09-10,1,0.46,0.21,
1182,22.9563,-104.431,0.86,5.56,2016-05-20,2016-05-22,3,0.8,0.29,
1184,22.948,-105.162,0.21,1.85,2016-06-06,2016-06-06,1,0.46,0.21,
1186,22.9438,-99.0372,3.64,13.89,2016-01-02,2016-01-16,15,0.85,0.24,
1188,22.9355,-105.215,0.64,3.7,2016-05-23,2016-05-24,2,0.54,0.32,
1190,22.9313,-104.502,0.43,2.78,2016-04-21,2016-04-22,2,0.46,0.21,
1192,22.9105,-104.943,6.86,19.45,2016-05-15,2016-05-22,8,1.54,0.86,
1194,22.923,-98.936,0.43,2.78,2016-02-13,2016-02-13,1,0.46,0.43,
1196,22.9188,-104.985,3.0,10.19,2016-05-20,2016-05-22,3,1.9,1.0,
1198,22.9146,-97.9709,0.21,1.85,2016-02-04,2016-02-04,1,0.46,0.21,
1200,22.9063,-104.347,6.0,12.96,2016-05-17,2016-05-22,6,1.16,1.0,
1202,22.898,-99.0399,1.29,7.41,2016-01-02,2016-01-19,18,0.47,0.07,
1204,22.8855,-104.349,0.43,3.7,2016-05-16,2016-05-16,1,0.48,0.43,
1206,22.8855,-98.9719,0.21,1.85,2016-03-11,2016-03-11,1,0.46,0.21,
1208,22.873,-98.9719,0.43,2.78,2016-01-08,2016-01-10,3,0.35,0.14,
1210,22.8771,-99.3277,0.21,1.85,2016-04-12,2016-04-12,1,0.46,0.21,
1212,22.8605,-98.9356,0.21,1.85,2016-01-21,2016-01-21,1,0.46,0.21,
1214,22.8646,-98.9296,1.29,5.56,2016-02-11,2016-02-23,13,0.68,0.1,
1216,22.8771,-98.9252,0.21,1.85,2016-02-21,2016-02-21,1,0.46,0.21,
1218,22.873,-104.38,0.43,2.78,2016-06-08,2016-06-08,1,0.46,0.43,
1220,22.873,-99.0714,0.21,1.85,2016-02-19,2016-02-19,1,0.46,0.21,
1222,22.8646,-104.428,1.07,5.56,2016-06-02,2016-06-06,5,0.58,0.21,
1224,22.8646,-104.274,0.21,1.85,2016-05-02,2016-05-02,1,0.46,0.21,
1226,22.8605,-99.1165,0.21,1.85,2016-02-15,2016-02-15,1,0.46,0.21,
1228,22.8605,-98.8497,0.43,3.7,2016-02-02,2016-02-04,3,0.37,0.14,
1230,22.8521,-99.0155,0.21,1.85,2016-05-02,2016-05-02,1,0.46,0.21,
1232,22.848,-98.9672,0.64,3.7,2016-02-17,2016-02-22,6,0.36,0.11,
1234,22.8355,-104.704,0.43,2.78,2016-05-18,2016-05-18,1,0.46,0.43,
1236,22.8313,-104.746,0.43,2.78,2016-05-01,2016-05-01,1,0.46,0.43,
1238,22.8271,-98.9656,0.21,1.85,2016-04-27,2016-04-27,1,0.46,0.21,
1240,22.8188,-99.0003,0.64,3.7,2016-04-09,2016-04-09,1,0.5,0.64,
1242,22.823,-98.9988,0.21,1.85,2016-04-21,2016-04-21,1,0.46,0.21,
1244,22.8105,-104.689,2.79,8.33,2016-05-18,2016-05-26,9,0.96,0.31,
1246,22.8021,-99.3407,4.29,10.19,2016-04-01,2016-04-16,16,0.92,0.27,
1248,22.7896,-105.442,12.22,22.22,2016-05-18,2016-05-29,12,2.02,1.02,
1250,22.798,-103.789,3.22,11.11,2016-05-17,2016-06-02,17,1.14,0.19,
1252,22.7855,-98.9038,3.86,12.04,2016-03-14,2016-03-30,17,1.14,0.23,
1254,22.8063,-98.9189,0.43,2.78,2016-03-19,2016-03-20,2,0.46,0.21,
1256,22.8021,-98.9023,0.21,1.85,2016-04-30,2016-04-30,1,0.46,0.21,
1258,22.7688,-98.8374,0.21,1.85,2016-03-23,2016-03-23,1,0.46,0.21,
1260,22.7771,-98.839,5.57,19.45,2016-04-16,2016-04-25,10,2.48,0.56,
1262,22.798,-98.5015,0.86,4.63,2016-01-07,2016-01-12,6,0.66,0.14,
1264,22.7813,-99.4476,1.07,5.56,2016-02-16,2016-02-18,3,1.39,0.36,
1266,22.7855,-99.4461,0.21,1.85,2016-02-29,2016-02-29,1,0.46,0.21,
1268,22.7855,-104.851,1.5,6.48,2016-04-18,2016-04-19,2,0.57,0.75,
1270,22.7771,-104.709,0.43,3.7,2016-05-17,2016-05-18,2,0.48,0.21,
1272,22.7771,-97.8583,2.79,9.26,2016-04-30,2016-05-08,9,0.74,0.31,
1274,22.773,-98.9444,0.43,2.78,2016-04-01,2016-04-01,1,0.56,0.43,
1276,22.7688,-105.276,1.5,7.41,2016-04-23,2016-04-28,6,0.78,0.25,
1278,22.7563,-99.0408,3.0,10.19,2016-01-10,2016-01-22,13,1.49,0.23,
1280,22.7521,-98.9338,1.07,4.63,2016-02-02,2016-02-08,7,0.57,0.15,
1282,22.7438,-98.9142,3.22,12.96,2016-02-16,2016-02-24,9,0.86,0.36,
1284,22.7146,-104.973,1.71,10.19,2016-05-15,2016-05-20,6,0.85,0.29,
1286,22.7396,-105.313,0.43,2.78,2016-05-01,2016-05-01,1,0.57,0.43,
1288,22.7396,-102.019,0.43,2.78,2016-03-03,2016-03-03,1,0.46,0.43,
1290,22.7313,-104.61,0.64,4.63,2016-05-04,2016-05-07,4,0.47,0.16,
1292,22.7271,-99.0016,1.71,9.26,2016-04-01,2016-04-02,2,0.74,0.86,
1294,22.723,-102.038,0.86,4.63,2016-03-03,2016-03-17,15,0.52,0.06,
1296,22.7105,-104.585,0.43,2.78,2016-05-18,2016-05-20,3,0.35,0.14,
1298,22.7105,-104.563,0.43,3.7,2016-05-25,2016-05-25,1,0.48,0.43,
1300,22.698,-98.9669,3.43,9.26,2016-01-10,2016-01-16,7,1.55,0.49,
1302,22.6938,-104.744,0.43,2.78,2016-05-20,2016-05-20,1,0.46,0.43,
1304,22.6896,-98.9428,0.21,1.85,2016-01-31,2016-01-31,1,0.46,0.21,
1306,22.673,-104.697,3.22,10.19,2016-05-20,2016-05-25,6,1.56,0.54,
1308,22.6563,-104.978,6.22,20.37,2016-05-18,2016-05-23,6,1.7,1.04,
1310,22.6563,-99.3522,0.21,1.85,2016-04-06,2016-04-06,1,0.46,0.21,
1312,22.6188,-104.656,19.29,26.85,2016-05-12,2016-05-25,14,1.46,1.38,
1314,22.6396,-104.798,0.43,2.78,2016-06-12,2016-06-12,1,0.46,0.43,
1316,22.6355,-99.3462,0.64,4.63,2016-01-15,2016-01-22,8,0.37,0.08,
1318,22.6396,-99.3673,0.64,3.7,2016-02-04,2016-02-04,1,0.85,0.64,
1320,22.6313,-99.3342,5.57,12.96,2016-01-15,2016-01-18,4,1.37,1.39,
1322,22.6313,-99.3612,0.21,1.85,2016-02-04,2016-02-04,1,0.46,0.21,
1324,22.5813,-99.3206,8.15,16.67,2016-04-01,2016-04-04,4,1.71,2.04,
1326,22.5896,-98.758,1.93,8.33,2016-08-28,2016-09-12,16,0.55,0.12,
1328,22.598,-105.001,0.43,2.78,2016-05-18,2016-05-18,1,0.46,0.43,
1330,22.5855,-99.0935,1.07,5.56,2016-01-08,2016-01-18,11,0.49,0.1,
1332,22.5855,-99.1025,1.5,5.56,2016-01-15,2016-01-15,1,1.4,1.5,
1334,22.5688,-104.69,1.71,5.56,2016-05-18,2016-05-24,7,0.7,0.24,
1336,22.5605,-104.674,1.5,8.33,2016-05-29,2016-05-31,3,1.27,0.5,
1338,22.5605,-99.0484,0.43,2.78,2016-03-04,2016-03-04,1,0.46,0.43,
1340,22.5355,-99.1027,0.21,1.85,2016-04-04,2016-04-04,1,0.46,0.21,
1342,22.5313,-99.3117,0.21,1.85,2016-04-03,2016-04-03,1,0.46,0.21,
1344,22.5146,-104.229,4.07,12.96,2016-05-18,2016-05-27,10,1.14,0.41,
1346,22.5063,-105.071,5.57,12.04,2016-05-04,2016-05-07,4,1.2,1.39,
1348,22.4896,-104.237,0.43,2.78,2016-05-20,2016-05-20,1,0.46,0.43,
1350,22.4771,-99.1736,0.21,1.85,2016-03-12,2016-03-12,1,0.46,0.21,
1352,22.4605,-98.1562,0.86,4.63,2016-08-28,2016-08-28,1,0.49,0.86,
1354,22.448,-105.027,1.07,4.63,2016-05-20,2016-05-20,1,0.58,1.07,
1356,22.4355,-104.192,3.43,8.33,2016-05-18,2016-05-22,5,1.04,0.69,
1358,22.4355,-104.792,0.86,4.63,2016-05-25,2016-05-29,5,0.49,0.17,
1360,22.4271,-105.128,0.64,3.7,2016-05-25,2016-05-25,1,0.85,0.64,
1362,22.398,-105.101,5.57,13.89,2016-05-24,2016-05-31,8,1.33,0.7,
1364,22.3521,-105.049,1.07,4.63,2016-05-04,2016-05-05,2,0.83,0.54,
1366,22.3146,-105.07,9.86,19.45,2016-05-23,2016-05-29,7,1.34,1.41,
1368,22.3313,-104.704,0.43,3.7,2016-05-13,2016-05-16,4,0.32,0.11,
1370,22.3063,-104.37,0.21,1.85,2016-04-12,2016-04-12,1,0.46,0.21,
1372,22.2813,-104.352,2.36,7.41,2016-05-30,2016-06-01,3,1.2,0.79,
1374,22.248,-105.11,4.72,11.11,2016-05-18,2016-05-22,5,1.02,0.94,
1376,22.2396,-99.2387,2.57,11.11,2016-02-02,2016-02-12,11,1.6,0.23,
1378,22.2313,-99.2599,0.21,1.85,2016-03-14,2016-03-14,1,0.46,0.21,
1380,22.248,-100.235,1.5,5.56,2016-01-31,2016-02-08,9,0.59,0.17,
1382,22.2438,-104.166,1.07,4.63,2016-05-13,2016-05-16,4,0.51,0.27,
1384,22.1938,-98.3063,3.0,9.26,2016-02-01,2016-02-22,22,0.92,0.14,
1386,22.2021,-98.2896,0.21,1.85,2016-02-18,2016-02-18,1,0.46,0.21,
1388,22.1896,-104.279,1.29,6.48,2016-05-03,2016-05-04,2,0.52,0.64,
1390,22.173,-98.2782,0.21,1.85,2016-04-04,2016-04-04,1,0.46,0.21,
1392,22.1605,-99.2458,0.86,6.48,2016-04-04,2016-04-04,1,0.99,0.86,
1394,22.1521,-99.0915,0.21,1.85,2016-04-08,2016-04-08,1,0.46,0.21,
1396,22.1105,-104.094,1.71,6.48,2016-05-16,2016-05-22,7,0.69,0.24,
1398,22.1396,-99.0152,0.21,1.85,2016-04-02,2016-04-02,1,0.46,0.21,
1400,22.1313,-99.0543,0.21,1.85,2016-01-26,2016-01-26,1,0.46,0.21,
1402,22.1271,-98.0438,1.29,5.56,2016-02-02,2016-02-11,10,0.81,0.13,
1404,22.1271,-104.997,0.64,3.7,2016-05-26,2016-05-27,2,0.46,0.32,
1406,22.1271,-99.2493,0.21,1.85,2016-04-20,2016-04-20,1,0.46,0.21,
1408,22.098,-104.957,0.21,1.85,2016-04-07,2016-04-07,1,0.46,0.21,
1410,22.123,-104.949,0.21,1.85,2016-04-08,2016-04-08,1,0.46,0.21,
1412,22.1188,-99.0635,0.21,1.85,2016-04-01,2016-04-01,1,0.46,0.21,
1414,22.1105,-104.117,3.64,9.26,2016-05-08,2016-05-18,11,1.13,0.33,
1416,22.1021,-98.3413,0.86,4.63,2016-02-17,2016-02-27,11,0.47,0.08,
1418,22.1021,-99.1328,0.21,1.85,2016-04-01,2016-04-01,1,0.46,0.21,
1420,22.0896,-98.3146,0.21,1.85,2016-02-12,2016-02-12,1,0.46,0.21,
1422,22.0855,-104.953,0.21,1.85,2016-04-07,2016-04-07,1,0.46,0.21,
1424,22.0813,-99.2395,0.64,4.63,2016-04-01,2016-04-03,3,0.71,0.21,
1426,22.0563,-98.3543,2.36,11.11,2016-02-03,2016-02-23,21,1.07,0.11,
1428,22.0396,-98.3787,1.29,6.48,2016-01-07,2016-01-16,10,0.48,0.13,
1430,22.0355,-98.3668,0.21,1.85,2016-01-24,2016-01-24,1,0.46,0.21,
1432,22.0521,-98.3919,2.36,9.26,2016-02-15,2016-02-27,13,1.1,0.18,
1434,22.0605,-103.352,2.14,7.41,2016-05-04,2016-05-13,10,0.79,0.21,
1436,22.0563,-99.2534,0.64,5.56,2016-04-02,2016-04-04,3,0.63,0.21,
1438,22.048,-105.249,1.07,4.63,2016-05-02,2016-05-02,1,1.06,1.07,
1440,22.0396,-98.3068,0.86,4.63,2016-03-07,2016-03-13,7,0.49,0.12,
1442,22.0271,-104.352,2.36,8.33,2016-05-16,2016-05-22,7,0.6,0.34,
1444,22.0146,-99.2827,3.0,7.41,2016-03-14,2016-03-23,10,1.23,0.3,
1446,22.0063,-105.447,0.43,3.7,2016-05-01,2016-05-01,1,0.49,0.43,
1448,22.0021,-99.1121,2.36,8.33,2016-04-01,2016-04-04,4,0.86,0.59,
1450,21.998,-98.2599,2.57,7.41,2016-02-17,2016-03-01,14,0.82,0.18,
1452,21.9855,-98.4894,0.21,1.85,2016-06-05,2016-06-05,1,0.46,0.21,
1454,21.9771,-98.4971,1.29,7.41,2016-06-26,2016-06-29,4,1.58,0.32,
1456,21.9855,-98.1838,0.64,3.7,2016-02-12,2016-02-13,2,0.77,0.32,
1458,21.9771,-98.205,0.21,1.85,2016-02-23,2016-02-23,1,0.46,0.21,
1460,21.9646,-98.6546,0.21,1.85,2016-02-09,2016-02-09,1,0.46,0.21,
1462,21.9688,-98.2082,0.21,1.85,2016-02-11,2016-02-11,1,0.46,0.21,
1464,21.9605,-98.8854,0.21,1.85,2016-02-19,2016-02-19,1,0.46,0.21,
1466,21.9521,-98.4079,0.86,5.56,2016-02-11,2016-02-17,7,0.84,0.12,
1468,21.9396,-98.7855,2.79,7.41,2015-12-23,2016-01-02,11,0.86,0.25,
1470,21.9355,-98.8051,0.43,2.78,2016-02-02,2016-02-05,4,0.37,0.11,
1472,21.9188,-98.4073,2.36,7.41,2016-04-01,2016-04-15,15,0.9,0.16,
1474,21.9396,-98.1701,0.21,1.85,2016-02-13,2016-02-13,1,0.46,0.21,
1476,21.9355,-103.386,1.29,5.56,2016-05-29,2016-05-29,1,0.75,1.29,
1478,21.9188,-98.4477,3.43,10.19,2016-02-05,2016-02-27,23,0.67,0.15,
1480,21.898,-98.1549,3.43,11.11,2016-02-20,2016-02-20,1,1.26,3.43,
1482,21.9146,-105.41,0.21,1.85,2016-06-03,2016-06-03,1,0.46,0.21,
1484,21.9105,-98.132,0.21,1.85,2016-02-15,2016-02-15,1,0.46,0.21,
1486,21.9021,-105.423,0.21,1.85,2016-06-04,2016-06-04,1,0.46,0.21,
1488,21.8855,-99.0623,0.21,1.85,2015-12-27,2015-12-27,1,0.46,0.21,
1490,21.8688,-98.8666,3.0,10.19,2016-02-08,2016-02-22,15,1.08,0.2,
1492,21.8438,-98.4363,17.58,46.3,2016-02-11,2016-03-11,30,1.93,0.59,
1494,21.8688,-98.1617,0.21,1.85,2016-02-20,2016-02-20,1,0.46,0.21,
1496,21.8563,-99.5493,2.14,7.41,2016-04-01,2016-04-07,7,0.64,0.31,
1498,21.8521,-98.047,0.21,1.85,2016-04-05,2016-04-05,1,0.46,0.21,
1500,21.8521,-98.8551,0.21,1.85,2016-02-04,2016-02-04,1,0.46,0.21,
1502,21.8396,-105.207,1.29,6.48,2016-02-05,2016-02-17,13,0.59,0.1,
1504,21.8438,-105.156,0.21,1.85,2016-05-01,2016-05-01,1,0.46,0.21,
1506,21.8271,-104.156,2.79,10.19,2016-06-05,2016-06-10,6,0.84,0.46,
1508,21.8355,-98.9693,0.21,1.85,2016-01-25,2016-01-25,1,0.46,0.21,
1510,21.8313,-98.4996,1.93,5.56,2016-02-08,2016-02-18,11,0.69,0.18,
1512,21.8271,-100.987,0.43,2.78,2016-01-14,2016-01-16,3,0.42,0.14,
1514,21.8271,-98.4608,0.21,1.85,2016-02-15,2016-02-15,1,0.46,0.21,
1516,21.823,-98.4489,0.21,1.85,2016-02-15,2016-02-15,1,0.46,0.21,
1518,21.8188,-98.5179,0.64,3.7,2016-02-05,2016-02-16,12,0.39,0.05,
1520,21.7896,-98.0356,0.43,2.78,2016-01-01,2016-01-08,8,0.27,0.05,
1522,21.8063,-104.563,0.43,2.78,2016-05-18,2016-05-22,5,0.35,0.09,
1524,21.798,-104.341,1.71,7.41,2016-06-02,2016-06-08,7,0.64,0.24,
1526,21.7813,-104.41,0.21,1.85,2016-06-01,2016-06-01,1,0.46,0.21,
1528,21.7855,-104.193,4.93,13.89,2016-05-25,2016-06-02,9,1.18,0.55,
1530,21.7855,-98.0687,0.21,1.85,2016-03-26,2016-03-26,1,0.46,0.21,
1532,21.773,-104.023,5.57,13.89,2016-06-01,2016-06-05,5,1.27,1.11,
1534,21.773,-104.669,0.64,3.7,2016-04-09,2016-04-09,1,0.51,0.64,
1536,21.7605,-104.431,0.43,2.78,2016-05-20,2016-05-21,2,0.56,0.21,
1538,21.7605,-104.139,0.43,2.78,2016-05-17,2016-05-17,1,0.46,0.43,
1540,21.7521,-98.4721,5.79,16.67,2015-12-25,2016-01-15,22,1.27,0.26,
1542,21.7355,-104.125,2.14,7.41,2016-06-13,2016-06-15,3,1.19,0.71,
1544,21.748,-104.449,0.43,2.78,2016-05-25,2016-05-29,5,0.29,0.09,
1546,21.7438,-104.167,3.43,11.11,2016-06-05,2016-06-14,10,1.19,0.34,
1548,21.748,-98.4423,0.21,1.85,2015-12-26,2015-12-26,1,0.46,0.21,
1550,21.7021,-104.16,2.57,7.41,2016-06-09,2016-06-17,9,0.61,0.29,
1552,21.7063,-104.719,1.5,6.48,2016-06-07,2016-06-10,4,0.68,0.38,
1554,21.7146,-98.4912,0.21,1.85,2015-12-02,2015-12-02,1,0.46,0.21,
1556,21.7105,-105.139,0.21,1.85,2016-06-23,2016-06-23,1,0.46,0.21,
1558,21.7021,-98.4244,2.36,9.26,2015-12-09,2015-12-23,15,0.58,0.16,
1560,21.7021,-104.734,0.21,1.85,2016-06-10,2016-06-10,1,0.46,0.21,
1562,21.6896,-105.272,1.07,4.63,2016-06-01,2016-06-05,5,0.54,0.21,
1564,21.6521,-98.4171,4.29,10.19,2015-12-13,2015-12-26,14,1.02,0.31,
1566,21.6688,-98.3837,0.21,1.85,2016-04-18,2016-04-18,1,0.46,0.21,
1568,21.6521,-103.702,8.15,13.89,2016-05-26,2016-06-03,9,0.88,0.91,
1570,21.6271,-103.581,0.21,1.85,2016-05-18,2016-05-18,1,0.46,0.21,
1572,21.5771,-104.742,0.21,1.85,2016-05-29,2016-05-29,1,0.46,0.21,
1574,21.548,-104.461,9.43,17.59,2016-05-20,2016-05-25,6,1.48,1.57,
1576,21.548,-101.123,0.64,4.63,2015-12-30,2016-01-05,7,0.47,0.09,
1578,21.5438,-104.641,1.5,5.56,2016-05-18,2016-05-19,2,0.73,0.75,
1580,21.498,-104.322,10.08,27.78,2016-05-29,2016-06-10,13,3.04,0.78,
1582,21.5188,-104.471,1.07,5.56,2016-05-27,2016-05-30,4,1.06,0.27,
1584,21.4813,-99.2684,24.44,34.26,2016-03-30,2016-04-16,18,1.89,1.36,
1586,21.5021,-104.298,0.43,3.7,2016-05-29,2016-05-29,1,0.49,0.43,
1588,21.4771,-104.293,0.64,5.56,2016-06-01,2016-06-03,3,0.73,0.21,
1590,21.4521,-97.5653,1.07,5.56,2016-05-01,2016-05-17,17,0.41,0.06,
1592,21.448,-97.5446,0.86,4.63,2016-05-01,2016-05-06,6,0.48,0.14,
1594,21.423,-104.662,1.71,6.48,2016-04-26,2016-05-02,7,0.61,0.24,
1596,21.4271,-104.029,1.71,6.48,2016-06-08,2016-06-10,3,0.67,0.57,
1598,21.4063,-104.811,2.57,8.33,2016-05-02,2016-05-07,6,1.12,0.43,
1600,21.4021,-104.79,0.43,2.78,2015-12-30,2015-12-30,1,0.56,0.43,
1602,21.3896,-104.575,0.86,4.63,2016-05-20,2016-05-23,4,0.61,0.21,
1604,21.373,-104.488,0.64,5.56,2016-06-05,2016-06-07,3,1.08,0.21,
1606,21.3563,-102.091,7.29,16.67,2016-04-06,2016-04-08,3,1.66,2.43,
1608,21.3438,-102.601,3.86,10.19,2016-05-19,2016-05-24,6,0.96,0.64,
1610,21.3271,-102.643,1.71,6.48,2016-05-20,2016-05-25,6,0.94,0.29,
1612,21.2771,-104.688,0.21,1.85,2016-05-29,2016-05-29,1,0.46,0.21,
1614,21.2563,-101.794,1.07,4.63,2016-05-18,2016-05-20,3,0.47,0.36,
1616,21.2396,-104.603,0.21,1.85,2016-05-22,2016-05-22,1,0.46,0.21,
1618,21.2105,-104.64,0.21,1.85,2015-12-21,2015-12-21,1,0.46,0.21,
1620,21.198,-104.703,3.64,10.19,2016-05-16,2016-05-25,10,0.62,0.36,
1622,21.2105,-104.596,1.71,6.48,2016-05-20,2016-05-20,1,1.64,1.71,
1624,21.1855,-104.614,7.5,25.0,2016-05-18,2016-05-25,8,2.09,0.94,
1626,21.1855,-104.716,0.21,1.85,2016-05-24,2016-05-24,1,0.46,0.21,
1628,21.1521,-104.568,0.21,1.85,2016-05-29,2016-05-29,1,0.46,0.21,
1630,21.1438,-104.674,1.07,4.63,2016-05-24,2016-05-27,4,0.49,0.27,
1632,21.1271,-104.742,0.64,4.63,2016-04-18,2016-04-18,1,0.88,0.64,
1634,21.1146,-104.59,0.43,2.78,2016-05-19,2016-05-20,2,0.55,0.21,
1636,21.1146,-104.336,0.21,1.85,2016-05-19,2016-05-19,1,0.46,0.21,
1638,21.098,-102.623,3.0,11.11,2016-05-26,2016-05-28,3,2.35,1.0,
1640,21.0813,-104.335,2.57,9.26,2016-04-04,2016-04-15,12,1.14,0.21,
1642,21.0813,-104.295,1.07,6.48,2016-05-01,2016-05-04,4,0.51,0.27,
1644,21.0813,-104.42,0.43,2.78,2016-05-22,2016-05-22,1,0.46,0.43,
1646,21.0771,-104.256,0.43,2.78,2016-06-05,2016-06-05,1,0.46,0.43,
1648,21.073,-104.458,0.43,2.78,2016-05-23,2016-05-25,3,0.42,0.14,
1650,21.073,-103.735,0.86,4.63,2016-02-17,2016-02-19,3,0.58,0.29,
1652,21.0563,-104.317,0.86,4.63,2016-05-07,2016-05-18,12,0.52,0.07,
1654,21.0313,-104.483,0.43,2.78,2016-04-07,2016-04-16,10,0.26,0.04,
1656,21.0271,-102.105,0.43,2.78,2016-05-02,2016-05-04,3,0.35,0.14,
1658,21.0063,-104.072,0.43,2.78,2016-05-02,2016-05-02,1,0.46,0.43,
1660,20.9813,-104.506,0.43,3.7,2016-04-17,2016-04-20,4,0.33,0.11,
1662,20.973,-103.001,0.86,4.63,2016-04-28,2016-04-30,3,0.77,0.29,
1664,20.9646,-102.031,0.86,4.63,2016-04-13,2016-04-23,11,0.51,0.08,
1666,20.9605,-101.845,0.21,1.85,2016-01-17,2016-01-17,1,0.46,0.21,
1668,20.9438,-101.535,1.07,4.63,2016-02-05,2016-02-05,1,0.57,1.07,
1670,20.9355,-104.402,0.21,1.85,2016-06-12,2016-06-12,1,0.46,0.21,
1672,20.9313,-102.334,1.5,8.33,2016-05-02,2016-05-04,3,1.03,0.5,
1674,20.9313,-102.254,0.43,2.78,2016-03-03,2016-03-04,2,0.46,0.21,
1676,20.9146,-103.282,1.93,7.41,2016-05-29,2016-05-31,3,0.94,0.64,
1678,20.9105,-102.761,0.43,3.7,2016-05-18,2016-05-18,1,0.49,0.43,
1680,20.898,-102.699,3.43,11.11,2016-04-26,2016-05-01,6,0.86,0.57,
1682,20.8938,-102.188,3.0,8.33,2016-05-02,2016-05-06,5,1.15,0.6,
1684,20.873,-102.076,2.14,7.41,2016-04-01,2016-04-01,1,1.8,2.14,
1686,20.8688,-102.733,0.86,4.63,2016-04-11,2016-04-11,1,0.49,0.86,
1688,20.8521,-102.775,1.07,5.56,2016-03-05,2016-03-05,1,0.77,1.07,
1690,20.8271,-101.371,0.21,1.85,2016-05-08,2016-05-08,1,0.46,0.21,
1692,20.8438,-103.621,3.43,12.04,2016-05-17,2016-05-22,6,1.28,0.57,
1694,20.8396,-103.805,2.79,7.41,2016-05-18,2016-05-22,5,0.89,0.56,
1696,20.8355,-103.486,0.43,2.78,2016-02-15,2016-02-18,4,0.31,0.11,
1698,20.823,-103.789,1.29,5.56,2016-04-23,2016-04-26,4,0.76,0.32,
1700,20.823,-101.355,0.21,1.85,2016-04-30,2016-04-30,1,0.46,0.21,
1702,20.8188,-103.969,0.21,1.85,2016-05-18,2016-05-18,1,0.46,0.21,
1704,20.8188,-102.864,4.5,12.96,2016-05-01,2016-05-07,7,0.97,0.64,
1706,20.8063,-101.362,1.93,8.33,2016-05-14,2016-05-20,7,0.9,0.28,
1708,20.798,-104.088,0.21,1.85,2016-05-02,2016-05-02,1,0.46,0.21,
1710,20.7688,-101.372,0.21,1.85,2016-05-18,2016-05-18,1,0.46,0.21,
1712,20.7605,-103.884,1.71,8.33,2016-04-05,2016-04-08,4,1.52,0.43,
1714,20.7646,-103.945,1.29,5.56,2016-01-17,2016-01-18,2,0.8,0.64,
1716,20.7438,-103.971,1.29,6.48,2016-05-01,2016-05-04,4,0.79,0.32,
1718,20.7438,-102.781,1.5,5.56,2016-05-18,2016-05-26,9,0.75,0.17,
1720,20.7271,-103.714,2.57,6.48,2016-04-26,2016-05-01,6,1.25,0.43,
1722,20.7313,-103.094,0.21,1.85,2016-05-19,2016-05-19,1,0.46,0.21,
1724,20.7271,-103.799,0.43,2.78,2016-03-27,2016-03-28,2,0.46,0.21,
1726,20.723,-103.783,0.43,2.78,2016-04-27,2016-05-01,5,0.29,0.09,
1728,20.7188,-103.727,0.21,1.85,2016-03-01,2016-03-01,1,0.46,0.21,
1730,20.7063,-103.91,1.93,7.41,2016-02-02,2016-02-12,11,1.37,0.18,
1732,20.6938,-103.79,0.64,4.63,2015-12-16,2015-12-20,5,0.43,0.13,
1734,20.6938,-102.894,1.07,5.56,2016-05-01,2016-05-04,4,0.72,0.27,
1736,20.6938,-103.914,0.64,3.7,2016-01-17,2016-01-18,2,0.49,0.32,
1738,20.6855,-103.815,0.43,2.78,2016-05-01,2016-05-01,1,0.46,0.43,
1740,20.6813,-103.162,0.21,1.85,2016-01-17,2016-01-17,1,0.46,0.21,
1742,20.673,-100.907,0.21,1.85,2016-02-14,2016-02-14,1,0.46,0.21,
1744,20.648,-103.767,10.5,22.22,2016-01-15,2016-02-01,18,1.05,0.58,
1746,20.6605,-103.077,0.86,4.63,2016-04-21,2016-04-24,4,0.5,0.21,
1748,20.6605,-102.921,0.43,2.78,2016-05-06,2016-05-07,2,0.46,0.21,
1750,20.6521,-97.7815,0.21,1.85,2016-05-04,2016-05-04,1,0.46,0.21,
1752,20.6396,-103.178,3.43,11.11,2016-05-04,2016-05-10,7,1.4,0.49,
1754,20.6438,-102.651,0.43,2.78,2016-05-01,2016-05-02,2,0.55,0.21,
1756,20.6313,-103.809,1.5,6.48,2016-02-16,2016-02-17,2,0.91,0.75,
1758,20.6188,-103.823,1.29,5.56,2016-01-06,2016-01-15,10,0.42,0.13,
1760,20.6188,-103.151,0.21,1.85,2016-02-02,2016-02-02,1,0.46,0.21,
1762,20.6105,-103.768,0.21,1.85,2016-01-05,2016-01-05,1,0.46,0.21,
1764,20.6105,-102.945,1.71,5.56,2016-05-19,2016-05-22,4,0.66,0.43,
1766,20.6063,-101.918,1.29,5.56,2016-04-03,2016-04-11,9,0.57,0.14,
1768,20.6063,-101.495,0.21,1.85,2015-12-09,2015-12-09,1,0.46,0.21,
1770,20.5938,-101.589,0.21,1.85,2016-05-02,2016-05-02,1,0.46,0.21,
1772,20.5896,-101.578,5.57,13.89,2016-05-11,2016-05-20,10,1.03,0.56,
1774,20.598,-104.183,1.93,7.41,2016-01-13,2016-01-27,15,0.5,0.13,
1776,20.5938,-102.876,3.0,8.33,2016-05-18,2016-05-22,5,1.38,0.6,
1778,20.5771,-102.753,0.86,4.63,2016-05-17,2016-05-25,9,0.46,0.1,
1780,20.5646,-103.791,1.71,6.48,2016-04-30,2016-05-01,2,0.69,0.86,
1782,20.5563,-101.493,2.14,8.33,2016-05-16,2016-05-18,3,1.09,0.71,
1784,20.548,-103.232,0.21,1.85,2016-05-29,2016-05-29,1,0.46,0.21,
1786,20.548,-102.698,0.43,2.78,2016-05-25,2016-05-26,2,0.46,0.21,
1788,20.5396,-103.8,3.64,9.26,2016-05-18,2016-05-20,3,1.23,1.21,
1790,20.5396,-101.34,1.29,5.56,2016-05-13,2016-05-20,8,0.5,0.16,
1792,20.5271,-103.983,0.64,4.63,2016-01-15,2016-01-20,6,0.4,0.11,
1794,20.5271,-103.965,0.21,1.85,2016-01-31,2016-01-31,1,0.46,0.21,
1796,20.5313,-103.123,9.65,22.22,2016-03-22,2016-04-14,24,1.24,0.4,
1798,20.523,-104.305,3.22,10.19,2016-04-04,2016-04-14,11,1.64,0.29,
1800,20.523,-102.815,0.21,1.85,2016-05-01,2016-05-01,1,0.46,0.21,
1802,20.5063,-104.267,0.43,2.78,2016-04-22,2016-04-22,1,0.55,0.43,
1804,20.498,-103.131,0.43,3.7,2016-05-04,2016-05-04,1,0.49,0.43,
1806,20.4855,-102.131,1.29,5.56,2016-04-20,2016-04-27,8,0.52,0.16,
1808,20.4896,-103.139,1.71,6.48,2016-03-31,2016-04-02,3,1.07,0.57,
1810,20.4896,-102.374,0.21,1.85,2016-05-02,2016-05-02,1,0.46,0.21,
1812,20.4855,-103.305,1.29,5.56,2016-02-01,2016-02-05,5,0.86,0.26,
1814,20.4563,-103.072,0.21,1.85,2016-03-28,2016-03-28,1,0.46,0.21,
1816,20.4563,-103.077,0.21,1.85,2016-04-02,2016-04-02,1,0.46,0.21,
1818,20.4605,-103.595,2.14,7.41,2016-04-02,2016-04-04,3,1.01,0.71,
1820,20.4646,-102.402,1.07,6.48,2016-05-15,2016-05-24,10,0.4,0.11,
1822,20.4688,-102.418,0.86,5.56,2016-05-18,2016-05-24,7,0.8,0.12,
1824,20.4688,-102.258,0.21,1.85,2016-05-13,2016-05-13,1,0.46,0.21,
1826,20.4646,-103.318,0.21,1.85,2016-02-29,2016-02-29,1,0.46,0.21,
1828,20.4521,-101.647,0.86,4.63,2016-05-11,2016-05-18,8,0.42,0.11,
1830,20.448,-103.578,0.43,3.7,2016-03-25,2016-03-30,6,0.3,0.07,
1832,20.448,-101.991,0.21,1.85,2016-01-06,2016-01-06,1,0.46,0.21,
1834,20.3563,-102.37,0.43,3.7,2016-05-02,2016-05-02,1,0.5,0.43,
1836,20.3605,-102.399,0.21,1.85,2016-05-04,2016-05-04,1,0.46,0.21,
1838,20.373,-102.439,3.86,14.82,2016-05-13,2016-05-26,14,1.63,0.28,
1840,20.3605,-102.364,27.01,48.15,2016-05-13,2016-05-26,14,2.29,1.93,
1842,20.4396,-104.373,0.43,2.78,2016-05-06,2016-05-06,1,0.46,0.43,
1844,20.4313,-103.087,0.21,1.85,2016-05-17,2016-05-17,1,0.46,0.21,
1846,20.4188,-103.038,0.21,1.85,2016-05-29,2016-05-29,1,0.46,0.21,
1848,20.4021,-102.014,3.64,15.74,2016-05-16,2016-05-23,8,0.99,0.46,
1850,20.4146,-103.058,0.21,1.85,2016-05-25,2016-05-25,1,0.46,0.21,
1852,20.4105,-103.064,0.21,1.85,2016-05-25,2016-05-25,1,0.46,0.21,
1854,20.4063,-103.314,0.21,1.85,2016-03-29,2016-03-29,1,0.46,0.21,
1856,20.398,-102.971,0.21,1.85,2016-05-15,2016-05-15,1,0.46,0.21,
1858,20.3938,-102.479,0.21,1.85,2016-05-19,2016-05-19,1,0.46,0.21,
1860,20.3896,-97.4006,0.21,1.85,2016-04-01,2016-04-01,1,0.46,0.21,
1862,20.3855,-104.216,1.07,6.48,2016-05-16,2016-05-18,3,1.0,0.36,
1864,20.3813,-102.511,2.14,7.41,2016-05-17,2016-05-21,5,0.92,0.43,
1866,20.3021,-101.921,3.64,17.59,2015-11-01,2015-11-05,5,1.25,0.73,
1868,20.2105,-101.923,1.07,6.48,2015-11-01,2015-11-02,2,1.06,0.54,
1870,20.248,-101.925,0.21,1.85,2015-11-02,2015-11-02,1,0.46,0.21,
1872,20.323,-101.899,0.21,1.85,2015-12-02,2015-12-02,1,0.46,0.21,
1874,20.3146,-101.934,7.29,16.67,2015-12-05,2015-12-14,10,1.34,0.73,
1876,20.2688,-101.899,2.14,8.33,2015-12-05,2015-12-13,9,0.86,0.24,
1878,20.2105,-101.918,0.21,1.85,2015-12-12,2015-12-12,1,0.46,0.21,
1880,20.2063,-101.947,0.21,1.85,2016-04-15,2016-04-15,1,0.46,0.21,
1882,20.2605,-101.947,0.21,1.85,2016-04-28,2016-04-28,1,0.46,0.21,
1884,20.2313,-101.888,0.21,1.85,2016-05-07,2016-05-07,1,0.46,0.21,
1886,20.3313,-101.905,13.93,42.6,2016-05-09,2016-05-24,16,2.51,0.87,
1888,20.2771,-101.856,1.71,6.48,2016-05-10,2016-05-16,7,0.82,0.24,
1890,20.1813,-101.895,1.71,9.26,2016-05-10,2016-05-11,2,1.29,0.86,
1892,20.2063,-101.92,0.21,1.85,2016-05-11,2016-05-11,1,0.46,0.21,
1894,20.2771,-101.958,0.21,1.85,2016-05-13,2016-05-13,1,0.46,0.21,
1896,20.2563,-101.944,0.21,1.85,2016-05-14,2016-05-14,1,0.46,0.21,
1898,20.2855,-101.95,6.22,16.67,2016-05-16,2016-05-24,9,0.85,0.69,
1900,20.2313,-101.892,1.5,6.48,2016-05-18,2016-05-26,9,0.56,0.17,
1902,20.2563,-101.94,24.22,35.19,2016-05-20,2016-05-28,9,1.95,2.69,
1904,20.373,-102.808,2.79,9.26,2016-05-15,2016-05-31,17,0.87,0.16,
1906,20.2813,-101.543,0.21,1.85,2016-04-24,2016-04-24,1,0.46,0.21,
1908,20.2771,-101.545,0.43,2.78,2016-04-30,2016-04-30,1,0.46,0.43,
1910,20.3563,-101.543,3.64,12.04,2016-05-09,2016-05-20,12,0.94,0.3,
1912,20.2855,-101.484,67.53,67.6,2016-05-10,2016-05-26,17,2.69,3.97,
1914,20.3521,-101.563,0.21,1.85,2016-05-13,2016-05-13,1,0.46,0.21,
1916,20.3605,-101.559,1.93,8.33,2016-05-22,2016-05-29,8,0.78,0.24,
1918,20.3646,-103.029,1.07,4.63,2016-05-17,2016-05-20,4,0.56,0.27,
1920,20.3146,-101.818,5.57,18.52,2016-05-10,2016-05-24,15,1.97,0.37,
1922,20.3605,-101.879,1.71,8.33,2015-11-02,2015-11-05,4,0.98,0.43,
1924,20.3521,-104.283,1.71,7.41,2016-05-11,2016-05-22,12,0.62,0.14,
1926,20.3438,-104.21,1.71,6.48,2016-05-18,2016-05-28,11,0.88,0.16,
1928,20.3563,-103.143,0.21,1.85,2016-05-18,2016-05-18,1,0.46,0.21,
1930,20.3563,-101.579,0.21,1.85,2016-05-13,2016-05-13,1,0.46,0.21,
1932,20.348,-102.342,0.21,1.85,2016-04-30,2016-04-30,1,0.46,0.21,
1934,20.348,-105.417,0.21,1.85,2016-06-03,2016-06-03,1,0.46,0.21,
1936,20.3438,-104.681,1.07,6.48,2016-05-18,2016-05-26,9,0.96,0.12,
1938,20.3438,-102.815,0.21,1.85,2016-05-01,2016-05-01,1,0.46,0.21,
1940,20.3396,-101.47,0.43,2.78,2016-05-09,2016-05-13,5,0.34,0.09,
1942,20.3271,-102.506,1.29,8.33,2016-05-16,2016-05-23,8,0.84,0.16,
1944,20.3188,-102.487,27.87,41.67,2016-05-11,2016-05-26,16,2.05,1.74,
1946,20.3355,-105.413,0.43,2.78,2016-06-01,2016-06-03,3,0.35,0.14,
1948,20.3355,-103.885,2.36,7.41,2016-05-01,2016-05-02,2,1.45,1.18,
1950,20.3355,-102.943,0.43,2.78,2016-04-20,2016-04-20,1,0.46,0.43,
1952,20.3355,-102.383,0.21,1.85,2015-12-12,2015-12-12,1,0.46,0.21,
1954,20.3313,-102.958,0.43,2.78,2016-05-18,2016-05-20,3,0.35,0.14,
1956,20.3271,-105.43,0.21,1.85,2016-06-01,2016-06-01,1,0.46,0.21,
1958,20.3271,-102.337,0.21,1.85,2016-04-27,2016-04-27,1,0.46,0.21,
1960,20.323,-104.849,0.21,1.85,2016-04-17,2016-04-17,1,0.46,0.21,
1962,20.323,-102.37,0.21,1.85,2016-04-26,2016-04-26,1,0.46,0.21,
1964,20.323,-102.343,0.21,1.85,2016-05-06,2016-05-06,1,0.46,0.21,
1966,20.3063,-102.279,0.64,5.56,2016-04-30,2016-05-02,3,1.07,0.21,
1968,20.3063,-102.284,0.21,1.85,2016-05-14,2016-05-14,1,0.46,0.21,
1970,20.3188,-102.518,0.21,1.85,2016-05-15,2016-05-15,1,0.46,0.21,
1972,20.3188,-101.252,0.43,2.78,2016-05-16,2016-05-18,3,0.35,0.14,
1974,20.3146,-101.858,0.21,1.85,2016-05-16,2016-05-16,1,0.46,0.21,
1976,20.3021,-102.347,0.43,2.78,2016-05-18,2016-05-18,1,0.46,0.43,
1978,20.298,-102.282,0.21,1.85,2016-05-06,2016-05-06,1,0.46,0.21,
1980,20.2896,-100.202,0.21,1.85,2016-02-13,2016-02-13,1,0.46,0.21,
1982,20.2813,-102.209,0.64,3.7,2016-05-18,2016-05-19,2,0.5,0.32,
1984,20.2813,-102.502,0.21,1.85,2016-05-01,2016-05-01,1,0.46,0.21,
1986,20.2771,-102.686,0.21,1.85,2016-05-02,2016-05-02,1,0.46,0.21,
1988,20.273,-101.813,2.79,8.33,2016-05-11,2016-05-14,4,0.7,0.7,
1990,20.2438,-102.229,0.21,1.85,2016-05-03,2016-05-03,1,0.46,0.21,
1992,20.2396,-102.231,3.43,15.74,2016-05-13,2016-05-19,7,1.78,0.49,
1994,20.2605,-105.442,0.21,1.85,2016-05-02,2016-05-02,1,0.46,0.21,
1996,20.2605,-100.823,0.43,2.78,2015-11-05,2015-11-05,1,0.54,0.43,
1998,20.2521,-102.528,0.21,1.85,2016-05-16,2016-05-16,1,0.46,0.21,
2000,20.2521,-100.827,0.43,2.78,2015-11-05,2015-11-05,1,0.54,0.43,
2002,20.2438,-103.85,0.21,1.85,2016-05-20,2016-05-20,1,0.46,0.21,
2004,20.2396,-102.519,0.21,1.85,2016-04-28,2016-04-28,1,0.46,0.21,
2006,20.2313,-105.351,4.29,11.11,2016-04-16,2016-05-02,17,0.97,0.25,
2008,20.198,-101.644,0.21,1.85,2016-04-22,2016-04-22,1,0.46,0.21,
2010,20.198,-101.648,0.21,1.85,2016-04-30,2016-04-30,1,0.46,0.21,
2012,20.1896,-101.661,44.8,48.15,2016-05-04,2016-05-21,18,1.65,2.49,
2014,20.2313,-105.107,0.21,1.85,2016-06-01,2016-06-01,1,0.46,0.21,
2016,20.2188,-104.926,0.86,4.63,2016-05-20,2016-05-22,3,0.5,0.29,
2018,20.2313,-102.527,0.21,1.85,2016-05-02,2016-05-02,1,0.46,0.21,
2020,20.2313,-100.063,0.86,5.56,2016-04-27,2016-04-27,1,0.96,0.86,
2022,20.2271,-104.953,0.43,2.78,2016-05-25,2016-05-26,2,0.46,0.21,
2024,20.2271,-100.873,0.21,1.85,2016-01-20,2016-01-20,1,0.46,0.21,
2026,20.223,-104.289,0.86,4.63,2016-05-18,2016-05-18,1,1.27,0.86,
2028,20.223,-102.517,0.21,1.85,2016-04-11,2016-04-11,1,0.46,0.21,
2030,20.2188,-102.088,3.22,10.19,2016-05-10,2016-05-19,10,0.74,0.32,
2032,20.2105,-102.536,2.79,12.04,2016-05-02,2016-05-18,17,1.06,0.16,
2034,20.2146,-101.788,0.64,3.7,2016-05-23,2016-05-26,4,0.4,0.16,
2036,20.198,-105.036,3.43,10.19,2016-05-20,2016-05-25,6,0.69,0.57,
2038,20.2063,-105.41,0.21,1.85,2016-05-02,2016-05-02,1,0.46,0.21,
2040,20.2063,-102.56,0.21,1.85,2016-04-28,2016-04-28,1,0.46,0.21,
2042,20.1896,-104.977,0.43,3.7,2016-06-07,2016-06-09,3,0.37,0.14,
2044,20.1605,-102.503,3.43,11.11,2015-12-01,2015-12-05,5,1.45,0.69,
2046,20.1521,-102.448,12.22,25.93,2016-05-04,2016-05-19,16,2.22,0.76,
2048,20.1896,-102.105,1.07,5.56,2016-05-08,2016-05-21,14,0.59,0.08,
2050,20.1855,-104.117,1.71,7.41,2016-05-13,2016-05-18,6,0.91,0.29,
2052,20.1813,-102.525,0.43,3.7,2016-05-16,2016-05-18,3,0.37,0.14,
2054,20.173,-102.222,1.29,6.48,2016-05-10,2016-05-14,5,1.12,0.26,
2056,20.1771,-104.88,0.43,2.78,2016-05-18,2016-05-20,3,0.35,0.14,
2058,20.173,-103.874,1.93,8.33,2016-05-24,2016-05-31,8,0.54,0.24,
2060,20.1688,-104.998,4.29,14.82,2016-05-20,2016-05-26,7,2.1,0.61,
2062,20.173,-102.249,2.14,9.26,2016-05-13,2016-05-21,9,0.66,0.24,
2064,20.1688,-105.061,0.43,2.78,2016-06-07,2016-06-07,1,0.55,0.43,
2066,20.1605,-102.254,0.43,2.78,2016-05-17,2016-05-19,3,0.35,0.14,
2068,20.1563,-102.42,0.64,4.63,2016-05-15,2016-05-17,3,0.49,0.21,
2070,20.1313,-105.044,7.93,20.37,2016-05-18,2016-06-03,17,1.27,0.47,
2072,20.1521,-103.944,1.93,7.41,2016-05-18,2016-05-22,5,0.84,0.39,
2074,20.148,-104.186,0.21,1.85,2016-05-13,2016-05-13,1,0.46,0.21,
2076,20.1438,-102.372,0.21,1.85,2016-05-14,2016-05-14,1,0.46,0.21,
2078,20.1271,-104.185,0.21,1.85,2016-05-18,2016-05-18,1,0.46,0.21,
2080,20.123,-102.545,0.43,3.7,2016-05-17,2016-05-17,1,0.5,0.43,
2082,20.1146,-101.905,0.64,3.7,2016-05-16,2016-05-18,3,0.49,0.21,
2084,20.0771,-104.79,2.36,8.33,2016-05-07,2016-05-08,2,1.01,1.18,
2086,20.0896,-104.879,0.21,1.85,2016-06-14,2016-06-14,1,0.46,0.21,
2088,20.073,-104.522,1.07,6.48,2016-05-24,2016-06-01,9,0.43,0.12,
2090,20.0771,-104.844,1.5,6.48,2016-05-20,2016-05-25,6,0.81,0.25,
2092,20.0813,-104.824,4.93,12.04,2016-05-29,2016-06-05,8,1.1,0.62,
2094,20.0771,-102.39,0.21,1.85,2016-05-15,2016-05-15,1,0.46,0.21,
2096,20.073,-105.324,0.43,2.78,2016-06-02,2016-06-03,2,0.46,0.21,
2098,20.0688,-103.17,2.57,8.33,2016-04-30,2016-05-13,14,1.0,0.18,
2100,20.0646,-104.915,2.57,6.48,2016-04-26,2016-05-04,9,0.63,0.29,
2102,20.0646,-102.786,0.21,1.85,2016-03-26,2016-03-26,1,0.46,0.21,
2104,20.0605,-104.926,0.21,1.85,2016-05-04,2016-05-04,1,0.46,0.21,
2106,20.0438,-104.746,14.58,42.6,2016-05-16,2016-05-31,16,3.94,0.91,
2108,20.0396,-104.801,7.5,26.85,2016-05-25,2016-06-03,10,1.08,0.75,
2110,20.048,-102.793,1.93,7.41,2016-03-30,2016-04-08,10,0.96,0.19,
2112,20.048,-102.598,0.21,1.85,2016-05-18,2016-05-18,1,0.46,0.21,
2114,20.0396,-104.863,3.64,9.26,2016-05-14,2016-05-20,7,0.87,0.52,
2116,20.0438,-102.63,0.64,3.7,2016-05-17,2016-05-17,1,0.85,0.64,
2118,20.023,-104.932,0.21,1.85,2016-04-15,2016-04-15,1,0.46,0.21,
2120,20.0313,-104.968,0.21,1.85,2016-06-17,2016-06-17,1,0.46,0.21,
2122,20.023,-104.231,2.57,7.41,2016-05-16,2016-05-19,4,0.81,0.64,
2124,20.0188,-104.969,5.79,15.74,2016-06-10,2016-06-18,9,1.04,0.64,
2126,20.0105,-104.245,0.43,2.78,2016-05-13,2016-05-14,2,0.46,0.21,
2128,20.0021,-104.789,0.64,3.7,2016-05-15,2016-05-16,2,0.77,0.32,
2130,19.9271,-104.89,9.43,21.3,2016-05-09,2016-05-25,17,0.84,0.55,
2132,19.9896,-104.812,25.72,35.19,2016-05-14,2016-05-23,10,2.87,2.57,
2134,19.9521,-104.84,1.93,10.19,2016-05-25,2016-06-01,8,1.04,0.24,
2136,19.9896,-103.34,0.21,1.85,2016-05-17,2016-05-17,1,0.46,0.21,
2138,19.9938,-102.039,0.64,3.7,2016-04-28,2016-05-04,7,0.43,0.09,
2140,19.9896,-104.555,2.57,8.33,2016-06-09,2016-06-13,5,0.76,0.51,
2142,19.9605,-101.942,16.08,26.85,2016-04-29,2016-05-14,16,1.84,1.0,
2144,19.9896,-102.045,0.21,1.85,2016-05-16,2016-05-16,1,0.46,0.21,
2146,19.9855,-104.871,0.43,2.78,2016-04-13,2016-04-13,1,0.46,0.43,
2148,19.9563,-104.887,4.07,13.89,2016-04-21,2016-04-30,10,2.82,0.41,
2150,19.9855,-102.091,0.43,2.78,2016-05-13,2016-05-14,2,0.46,0.21,
2152,19.9813,-102.115,0.21,1.85,2016-05-17,2016-05-17,1,0.46,0.21,
2154,19.9438,-104.675,6.86,20.37,2016-05-17,2016-05-26,10,1.04,0.69,
2156,19.9771,-103.403,0.21,1.85,2016-05-04,2016-05-04,1,0.46,0.21,
2158,19.9688,-101.859,1.5,6.48,2016-04-03,2016-04-08,6,0.64,0.25,
2160,19.973,-102.553,0.21,1.85,2016-03-02,2016-03-02,1,0.46,0.21,
2162,19.9688,-102.094,0.64,3.7,2016-05-13,2016-05-13,1,0.85,0.64,
2164,19.9646,-97.7738,2.57,7.41,2016-03-07,2016-03-19,13,0.7,0.2,
2166,19.9646,-99.2722,1.29,5.56,2016-02-03,2016-02-13,11,0.92,0.12,
2168,19.9646,-104.529,0.21,1.85,2016-06-13,2016-06-13,1,0.46,0.21,
2170,19.9646,-102.042,0.21,1.85,2016-04-08,2016-04-08,1,0.46,0.21,
2172,19.9605,-101.698,0.21,1.85,2016-03-04,2016-03-04,1,0.46,0.21,
2174,19.9563,-101.705,0.43,2.78,2016-05-18,2016-05-18,1,0.54,0.43,
2176,19.9521,-103.417,0.21,1.85,2016-05-15,2016-05-15,1,0.46,0.21,
2178,19.9521,-99.6899,0.21,1.85,2016-01-01,2016-01-01,1,0.46,0.21,
2180,19.948,-102.262,0.21,1.85,2016-05-17,2016-05-17,1,0.46,0.21,
2182,19.9438,-104.99,6.86,13.89,2016-05-25,2016-06-01,8,1.3,0.86,
2184,19.9438,-102.047,0.21,1.85,2016-04-11,2016-04-11,1,0.46,0.21,
2186,19.9396,-102.119,0.21,1.85,2016-05-17,2016-05-17,1,0.46,0.21,
2188,19.9396,-101.951,0.43,2.78,2016-05-16,2016-05-18,3,0.41,0.14,
2190,19.9355,-96.6698,0.21,1.85,2016-02-06,2016-02-06,1,0.46,0.21,
2192,19.9313,-102.903,0.64,3.7,2016-04-18,2016-04-18,1,0.51,0.64,
2194,19.9313,-102.273,0.43,2.78,2016-05-17,2016-05-17,1,0.46,0.43,
2196,19.9146,-102.077,5.36,12.04,2016-04-29,2016-05-04,6,1.92,0.89,
2198,19.9313,-102.012,0.21,1.85,2016-04-08,2016-04-08,1,0.46,0.21,
2200,19.9313,-101.959,0.64,4.63,2016-05-13,2016-05-16,4,0.94,0.16,
2202,19.9313,-101.591,0.43,2.78,2016-01-27,2016-01-31,5,0.29,0.09,
2204,19.9271,-103.862,0.21,1.85,2016-05-22,2016-05-22,1,0.46,0.21,
2206,19.9271,-99.6696,1.07,5.56,2016-02-14,2016-02-16,3,0.79,0.36,
2208,19.9188,-105.018,0.21,1.85,2016-05-06,2016-05-06,1,0.46,0.21,
2210,19.9105,-103.904,0.21,1.85,2016-05-16,2016-05-16,1,0.46,0.21,
2212,19.9146,-105.028,2.36,7.41,2016-04-29,2016-05-07,9,0.8,0.26,
2214,19.9146,-104.656,0.21,1.85,2016-05-25,2016-05-25,1,0.46,0.21,
2216,19.9146,-103.517,0.43,2.78,2016-04-19,2016-04-22,4,0.31,0.11,
2218,19.9146,-99.1831,0.43,2.78,2016-04-08,2016-04-08,1,0.46,0.43,
2220,19.9105,-103.612,0.21,1.85,2016-10-13,2016-10-13,1,0.46,0.21,
2222,19.873,-101.89,0.21,1.85,2016-01-01,2016-01-01,1,0.46,0.21,
2224,19.898,-96.545,3.0,8.33,2016-05-28,2016-06-10,14,1.1,0.21,
2226,19.9021,-99.1842,0.64,3.7,2016-04-03,2016-04-09,7,0.46,0.09,
2228,19.8646,-101.686,0.64,3.7,2016-01-14,2016-01-15,2,0.53,0.32,
2230,19.8438,-101.699,0.43,2.78,2016-01-22,2016-01-25,4,0.31,0.11,
2232,19.8938,-102.245,4.29,10.19,2016-05-13,2016-05-19,7,1.4,0.61,
2234,19.8896,-101.795,1.07,5.56,2016-04-15,2016-04-17,3,0.65,0.36,
2236,19.8938,-99.9278,0.21,1.85,2016-01-02,2016-01-02,1,0.46,0.21,
2238,19.8855,-105.177,0.21,1.85,2016-04-17,2016-04-17,1,0.46,0.21,
2240,19.8688,-99.2829,0.86,3.7,2016-02-15,2016-02-18,4,0.54,0.21,
2242,19.8855,-99.2978,3.0,12.04,2016-04-15,2016-04-17,3,2.66,1.0,
2244,19.8813,-101.927,0.21,1.85,2016-03-02,2016-03-02,1,0.46,0.21,
2246,19.8771,-105.172,0.21,1.85,2016-04-21,2016-04-21,1,0.46,0.21,
2248,19.8771,-101.937,0.21,1.85,2016-03-03,2016-03-03,1,0.46,0.21,
2250,19.8646,-101.579,0.64,3.7,2016-04-13,2016-04-14,2,0.77,0.32,
2252,19.8688,-101.586,0.21,1.85,2016-04-20,2016-04-20,1,0.46,0.21,
2254,19.8688,-101.507,1.29,6.48,2016-02-16,2016-02-21,6,1.03,0.21,
2256,19.8771,-100.989,2.14,9.26,2016-05-10,2016-05-18,9,0.98,0.24,
2258,19.873,-102.205,0.21,1.85,2016-05-19,2016-05-19,1,0.46,0.21,
2260,19.873,-101.966,10.29,23.15,2016-04-08,2016-04-17,10,1.07,1.03,
2262,19.798,-104.862,0.21,1.85,2016-04-12,2016-04-12,1,0.46,0.21,
2264,19.8563,-104.905,2.79,9.26,2016-05-31,2016-06-05,6,0.73,0.46,
2266,19.8646,-103.856,0.64,3.7,2016-06-05,2016-06-06,2,0.49,0.32,
2268,19.8646,-103.196,1.71,6.48,2016-04-26,2016-05-04,9,0.56,0.19,
2270,19.8646,-101.863,0.21,1.85,2016-03-03,2016-03-03,1,0.46,0.21,
2272,19.8646,-96.5468,0.43,2.78,2016-01-25,2016-01-25,1,0.46,0.43,
2274,19.8438,-105.056,2.36,8.33,2016-04-21,2016-04-26,6,1.75,0.39,
2276,19.848,-103.89,3.43,12.04,2016-05-11,2016-05-18,8,0.88,0.43,
2278,19.8563,-102.243,1.07,4.63,2016-04-22,2016-04-28,7,0.7,0.15,
2280,19.8605,-101.873,0.21,1.85,2016-03-30,2016-03-30,1,0.46,0.21,
2282,19.8563,-101.849,0.21,1.85,2016-04-04,2016-04-04,1,0.46,0.21,
2284,19.8563,-99.1688,3.43,9.26,2016-03-07,2016-03-09,3,1.32,1.14,
2286,19.8521,-101.872,0.21,1.85,2016-02-23,2016-02-23,1,0.46,0.21,
2288,19.8396,-101.842,1.5,6.48,2016-03-28,2016-04-03,7,1.13,0.21,
2290,19.848,-96.5411,0.21,1.85,2016-05-14,2016-05-14,1,0.46,0.21,
2292,19.848,-105.099,0.86,3.7,2016-04-19,2016-04-25,7,0.51,0.12,
2294,19.8063,-101.998,2.14,10.19,2016-03-03,2016-03-10,8,1.08,0.27,
2296,19.848,-101.506,0.86,4.63,2016-02-20,2016-02-23,4,0.93,0.21,
2298,19.8438,-104.986,0.64,3.7,2016-05-06,2016-05-09,4,0.79,0.16,
2300,19.8396,-103.61,1.93,7.41,2016-04-27,2016-04-27,1,1.23,1.93,
2302,19.8438,-103.13,1.07,4.63,2016-05-01,2016-05-04,4,0.59,0.27,
2304,19.8438,-102.133,0.21,1.85,2016-04-24,2016-04-24,1,0.46,0.21,
2306,19.8438,-101.482,0.21,1.85,2016-02-17,2016-02-17,1,0.46,0.21,
2308,19.8355,-102.694,0.64,4.63,2016-02-08,2016-02-11,4,0.6,0.16,
2310,19.8396,-102.657,0.43,2.78,2016-03-18,2016-03-19,2,0.46,0.21,
2312,19.8355,-101.144,1.29,5.56,2016-02-23,2016-03-02,9,0.68,0.14,
2314,19.8355,-102.132,1.5,9.26,2016-03-01,2016-03-05,5,0.81,0.3,
2316,19.8271,-102.135,0.64,3.7,2016-04-09,2016-04-09,1,0.85,0.64,
2318,19.8188,-102.121,1.07,5.56,2016-04-26,2016-04-30,5,0.62,0.21,
2320,19.8355,-102.145,0.21,1.85,2016-04-30,2016-04-30,1,0.46,0.21,
2322,19.8313,-105.092,0.21,1.85,2016-04-27,2016-04-27,1,0.46,0.21,
2324,19.8271,-104.935,0.21,1.85,2016-06-18,2016-06-18,1,0.46,0.21,
2326,19.8271,-104.735,1.29,7.41,2016-05-20,2016-06-01,13,0.5,0.1,
2328,19.8313,-102.116,0.21,1.85,2016-04-08,2016-04-08,1,0.46,0.21,
2330,19.8313,-96.469,0.64,3.7,2016-05-28,2016-05-31,4,0.46,0.16,
2332,19.8271,-101.967,0.21,1.85,2016-04-11,2016-04-11,1,0.46,0.21,
2334,19.8146,-102.632,0.21,1.85,2016-03-28,2016-03-28,1,0.46,0.21,
2336,19.8188,-102.179,0.64,3.7,2016-03-28,2016-03-28,1,0.85,0.64,
2338,19.823,-102.186,0.21,1.85,2016-04-17,2016-04-17,1,0.46,0.21,
2340,19.8063,-102.166,0.64,3.7,2016-04-24,2016-04-24,1,0.49,0.64,
2342,19.823,-96.4994,1.71,7.41,2016-03-28,2016-04-01,5,0.79,0.34,
2344,19.8188,-104.765,1.07,4.63,2016-05-20,2016-05-31,12,0.59,0.09,
2346,19.8063,-104.629,5.14,16.67,2016-05-31,2016-06-15,16,1.18,0.32,
2348,19.8021,-102.602,0.21,1.85,2016-01-01,2016-01-01,1,0.46,0.21,
2350,19.8146,-102.663,1.71,7.41,2016-02-23,2016-02-27,5,0.78,0.34,
2352,19.7938,-102.601,0.21,1.85,2016-03-03,2016-03-03,1,0.46,0.21,
2354,19.8063,-102.631,0.21,1.85,2016-03-18,2016-03-18,1,0.46,0.21,
2356,19.8063,-102.64,0.21,1.85,2016-03-23,2016-03-23,1,0.46,0.21,
2358,19.798,-102.622,0.43,2.78,2016-04-09,2016-04-09,1,0.46,0.43,
2360,19.8063,-102.662,0.21,1.85,2016-04-30,2016-04-30,1,0.46,0.21,
2362,19.8188,-102.648,0.21,1.85,2016-03-12,2016-03-12,1,0.46,0.21,
2364,19.8105,-102.032,3.86,11.11,2016-03-23,2016-03-30,8,1.03,0.48,
2366,19.8105,-96.5582,0.21,1.85,2016-03-19,2016-03-19,1,0.46,0.21,
2368,19.8105,-96.5626,0.21,1.85,2016-04-21,2016-04-21,1,0.46,0.21,
2370,19.8105,-102.386,0.64,3.7,2016-03-19,2016-03-26,8,0.51,0.08,
2372,19.8063,-101.958,0.21,1.85,2016-02-23,2016-02-23,1,0.46,0.21,
2374,19.8021,-101.96,0.43,2.78,2016-04-11,2016-04-11,1,0.54,0.43,
2376,19.8021,-96.4911,0.21,1.85,2016-04-01,2016-04-01,1,0.46,0.21,
2378,19.8021,-102.15,0.21,1.85,2016-05-04,2016-05-04,1,0.46,0.21,
2380,19.8021,-101.978,0.21,1.85,2016-04-07,2016-04-07,1,0.46,0.21,
2382,19.8021,-101.863,0.21,1.85,2016-05-02,2016-05-02,1,0.46,0.21,
2384,19.798,-104.667,0.21,1.85,2016-06-14,2016-06-14,1,0.46,0.21,
2386,19.798,-104.481,0.21,1.85,2016-06-23,2016-06-23,1,0.46,0.21,
2388,19.7896,-104.618,0.64,3.7,2016-05-31,2016-06-15,16,0.37,0.04,
2390,19.7938,-102.163,0.21,1.85,2016-05-04,2016-05-04,1,0.46,0.21,
2392,19.7855,-101.839,0.21,1.85,2016-04-18,2016-04-18,1,0.46,0.21,
2394,19.7896,-102.036,0.21,1.85,2016-04-28,2016-04-28,1,0.46,0.21,
2396,19.7813,-102.017,0.43,2.78,2016-05-15,2016-05-18,4,0.31,0.11,
2398,19.7896,-101.899,0.21,1.85,2016-02-22,2016-02-22,1,0.46,0.21,
2400,19.7688,-101.584,5.79,15.74,2016-04-26,2016-05-04,9,1.84,0.64,
2402,19.7855,-104.858,0.43,3.7,2016-04-12,2016-04-12,1,0.5,0.43,
2404,19.7855,-104.5,0.43,2.78,2016-06-14,2016-06-17,4,0.31,0.11,
2406,19.7855,-102.923,0.21,1.85,2016-04-18,2016-04-18,1,0.46,0.21,
2408,19.7855,-102.18,0.86,3.7,2016-04-26,2016-05-02,7,0.39,0.12,
2410,19.7813,-105.113,0.21,1.85,2016-04-17,2016-04-17,1,0.46,0.21,
2412,19.7771,-104.508,0.43,2.78,2016-06-06,2016-06-14,9,0.31,0.05,
2414,19.7813,-103.288,0.21,1.85,2016-04-30,2016-04-30,1,0.46,0.21,
2416,19.7771,-102.617,0.21,1.85,2016-02-21,2016-02-21,1,0.46,0.21,
2418,19.7646,-102.042,2.57,10.19,2016-04-21,2016-04-26,6,1.03,0.43,
2420,19.7771,-96.538,0.43,3.7,2016-05-08,2016-05-13,6,0.3,0.07,
2422,19.7771,-104.906,0.86,4.63,2016-05-22,2016-05-23,2,0.77,0.43,
2424,19.7605,-104.886,0.21,1.85,2016-06-06,2016-06-06,1,0.46,0.21,
2426,19.773,-103.903,0.21,1.85,2016-05-15,2016-05-15,1,0.46,0.21,
2428,19.773,-103.159,0.21,1.85,2016-04-23,2016-04-23,1,0.46,0.21,
2430,19.748,-102.018,2.14,11.11,2016-03-20,2016-04-04,16,0.79,0.13,
2432,19.773,-101.835,0.43,2.78,2016-04-05,2016-04-05,1,0.46,0.43,
2434,19.773,-96.4912,0.43,2.78,2016-05-03,2016-05-08,6,0.28,0.07,
2436,19.7688,-104.653,0.21,1.85,2016-05-02,2016-05-02,1,0.46,0.21,
2438,19.7688,-102.063,0.21,1.85,2016-02-13,2016-02-13,1,0.46,0.21,
2440,19.7688,-96.5285,0.43,2.78,2016-04-01,2016-04-01,1,0.53,0.43,
2442,19.748,-104.962,2.14,8.33,2016-06-03,2016-06-09,7,0.57,0.31,
2444,19.7605,-103.239,0.86,5.56,2016-05-30,2016-05-31,2,0.58,0.43,
2446,19.7646,-101.834,0.21,1.85,2016-04-04,2016-04-04,1,0.46,0.21,
2448,19.7646,-101.259,0.64,3.7,2016-04-08,2016-04-08,1,0.6,0.64,
2450,19.7438,-104.65,0.21,1.85,2016-05-04,2016-05-04,1,0.46,0.21,
2452,19.7563,-102.887,2.36,8.33,2016-04-22,2016-05-04,13,1.13,0.18,
2454,19.7563,-99.8635,0.64,3.7,2016-02-10,2016-02-14,5,0.38,0.13,
2456,19.7605,-96.5323,0.21,1.85,2016-05-16,2016-05-16,1,0.46,0.21,
2458,19.7563,-104.565,0.21,1.85,2016-06-16,2016-06-16,1,0.46,0.21,
2460,19.7521,-102.592,1.07,4.63,2016-01-25,2016-02-01,8,0.5,0.13,
2462,19.7563,-102.577,0.43,3.7,2016-02-02,2016-02-02,1,0.88,0.43,
2464,19.748,-101.593,3.22,13.89,2016-02-22,2016-03-13,21,0.79,0.15,
2466,19.7521,-104.416,0.21,1.85,2016-05-02,2016-05-02,1,0.46,0.21,
2468,19.7521,-102.614,0.21,1.85,2016-03-19,2016-03-19,1,0.46,0.21,
2470,19.7521,-102.047,0.43,2.78,2016-02-11,2016-02-16,6,0.28,0.07,
2472,19.7521,-98.7718,0.43,2.78,2016-10-06,2016-10-08,3,0.35,0.14,
2474,19.7521,-96.4963,0.21,1.85,2016-04-01,2016-04-01,1,0.46,0.21,
2476,19.7521,-96.4874,0.21,1.85,2016-05-23,2016-05-23,1,0.46,0.21,
2478,19.748,-101.823,0.64,3.7,2016-03-01,2016-03-03,3,0.7,0.21,
2480,19.748,-96.538,0.21,1.85,2016-05-08,2016-05-08,1,0.46,0.21,
2482,19.7438,-101.834,0.21,1.85,2016-03-03,2016-03-03,1,0.46,0.21,
2484,19.7313,-101.29,4.07,10.19,2016-04-03,2016-04-11,9,0.97,0.45,
2486,19.7396,-104.992,3.0,9.26,2016-04-19,2016-05-01,13,1.1,0.23,
2488,19.7396,-104.771,0.21,1.85,2016-04-18,2016-04-18,1,0.46,0.21,
2490,19.7188,-104.483,1.07,4.63,2016-05-25,2016-05-30,6,0.6,0.18,
2492,19.7355,-102.847,0.43,3.7,2016-04-22,2016-04-22,1,0.5,0.43,
2494,19.7355,-99.2706,1.93,7.41,2016-03-24,2016-03-26,3,0.72,0.64,
2496,19.7188,-99.2691,1.07,4.63,2016-04-11,2016-04-11,1,0.57,1.07,
2498,19.7271,-103.824,1.29,7.41,2016-04-25,2016-04-26,2,1.18,0.64,
2500,19.7188,-105.076,0.21,1.85,2016-05-26,2016-05-26,1,0.46,0.21,
2502,19.7188,-104.894,0.21,1.85,2016-05-09,2016-05-09,1,0.46,0.21,
2504,19.6938,-102.586,0.21,1.85,2016-04-15,2016-04-15,1,0.46,0.21,
2506,19.7188,-102.039,0.21,1.85,2016-03-03,2016-03-03,1,0.46,0.21,
2508,19.7188,-101.291,2.14,8.33,2016-04-03,2016-04-08,6,0.76,0.36,
2510,19.7146,-102.838,0.43,3.7,2016-04-20,2016-04-24,5,0.31,0.09,
2512,19.7063,-100.509,3.0,9.26,2016-02-02,2016-02-02,1,0.96,3.0,
2514,19.7063,-104.585,1.93,8.33,2016-05-10,2016-05-20,11,0.69,0.18,
2516,19.7105,-102.132,0.21,1.85,2016-02-13,2016-02-13,1,0.46,0.21,
2518,19.7063,-104.488,0.21,1.85,2016-06-02,2016-06-02,1,0.46,0.21,
2520,19.7063,-101.368,0.21,1.85,2016-03-03,2016-03-03,1,0.46,0.21,
2522,19.7063,-101.354,1.29,7.41,2016-04-08,2016-04-11,4,0.65,0.32,
2524,19.7063,-96.5925,0.21,1.85,2016-04-27,2016-04-27,1,0.46,0.21,
2526,19.7063,-96.597,0.21,1.85,2016-05-08,2016-05-08,1,0.46,0.21,
2528,19.7021,-104.945,1.29,6.48,2016-05-20,2016-05-26,7,0.57,0.18,
2530,19.7021,-98.9976,0.21,1.85,2016-02-10,2016-02-10,1,0.46,0.21,
2532,19.698,-104.721,0.21,1.85,2016-05-04,2016-05-04,1,0.46,0.21,
2534,19.6938,-103.391,0.21,1.85,2016-03-25,2016-03-25,1,0.46,0.21,
2536,19.6938,-96.6027,0.21,1.85,2016-04-01,2016-04-01,1,0.46,0.21,
2538,19.6938,-96.585,0.21,1.85,2016-02-02,2016-02-02,1,0.46,0.21,
2540,19.6896,-103.287,0.43,2.78,2016-05-17,2016-05-17,1,0.54,0.43,
2542,19.6688,-104.884,3.22,12.96,2016-05-25,2016-06-05,12,0.98,0.27,
2544,19.6813,-104.441,0.43,2.78,2016-06-05,2016-06-06,2,0.46,0.21,
2546,19.6813,-102.843,0.43,2.78,2016-04-25,2016-04-25,1,0.46,0.43,
2548,19.6771,-104.464,1.07,4.63,2016-05-11,2016-05-14,4,0.56,0.27,
2550,19.6771,-103.314,1.07,4.63,2016-04-02,2016-04-12,11,0.56,0.1,
2552,19.6771,-96.513,0.21,1.85,2016-04-28,2016-04-28,1,0.46,0.21,
2554,19.673,-104.648,0.21,1.85,2016-05-15,2016-05-15,1,0.46,0.21,
2556,19.673,-104.444,0.43,2.78,2016-06-06,2016-06-06,1,0.46,0.43,
2558,19.6646,-104.806,12.22,31.48,2016-04-18,2016-05-02,15,1.32,0.81,
2560,19.623,-104.783,6.0,17.59,2016-04-18,2016-04-26,9,0.83,0.67,
2562,19.6646,-103.372,1.93,7.41,2016-03-01,2016-03-09,9,0.86,0.21,
2564,19.6396,-103.378,0.21,1.85,2016-03-06,2016-03-06,1,0.46,0.21,
2566,19.648,-103.353,0.21,1.85,2016-03-17,2016-03-17,1,0.46,0.21,
2568,19.6563,-103.331,1.07,5.56,2016-03-27,2016-03-28,2,1.02,0.54,
2570,19.648,-103.37,0.21,1.85,2016-04-02,2016-04-02,1,0.46,0.21,
2572,19.648,-103.379,0.43,2.78,2016-04-05,2016-04-08,4,0.31,0.11,
2574,19.6521,-103.333,0.21,1.85,2016-05-16,2016-05-16,1,0.46,0.21,
2576,19.6396,-103.334,0.21,1.85,2016-05-20,2016-05-20,1,0.46,0.21,
2578,19.6605,-101.697,0.21,1.85,2016-05-31,2016-05-31,1,0.46,0.21,
2580,19.6438,-101.355,1.07,4.63,2016-04-28,2016-05-01,4,0.68,0.27,
2582,19.6605,-96.4941,0.64,5.56,2016-05-08,2016-05-08,1,1.16,0.64,
2584,19.6521,-98.6526,4.93,14.82,2016-02-13,2016-02-19,7,1.13,0.7,
2586,19.6521,-103.391,0.21,1.85,2016-04-20,2016-04-20,1,0.46,0.21,
2588,19.648,-104.998,0.21,1.85,2016-04-13,2016-04-13,1,0.46,0.21,
2590,19.6438,-104.527,1.5,5.56,2016-02-14,2016-02-21,8,0.67,0.19,
2592,19.6396,-97.4681,3.43,10.19,2016-03-25,2016-04-06,13,0.84,0.26,
2594,19.6396,-104.652,0.21,1.85,2016-06-14,2016-06-14,1,0.46,0.21,
2596,19.6438,-101.377,0.21,1.85,2016-05-01,2016-05-01,1,0.46,0.21,
2598,19.6396,-104.626,0.21,1.85,2016-05-04,2016-05-04,1,0.46,0.21,
2600,19.6396,-103.321,0.21,1.85,2016-05-02,2016-05-02,1,0.46,0.21,
2602,19.6355,-104.526,0.21,1.85,2016-03-10,2016-03-10,1,0.46,0.21,
2604,19.6355,-104.468,0.21,1.85,2016-05-14,2016-05-14,1,0.46,0.21,
2606,19.6355,-103.34,0.43,3.7,2016-05-18,2016-05-18,1,0.5,0.43,
2608,19.6355,-102.517,0.21,1.85,2016-03-12,2016-03-12,1,0.46,0.21,
2610,19.6355,-102.075,0.21,1.85,2016-04-05,2016-04-05,1,0.46,0.21,
2612,19.6271,-104.573,3.0,8.33,2016-04-30,2016-05-08,9,0.87,0.33,
2614,19.6313,-101.369,0.21,1.85,2016-05-13,2016-05-13,1,0.46,0.21,
2616,19.6271,-101.446,0.21,1.85,2016-03-25,2016-03-25,1,0.46,0.21,
2618,19.6146,-101.226,3.22,10.19,2016-04-11,2016-04-16,6,1.32,0.54,
2620,19.6146,-103.344,3.22,12.96,2016-03-17,2016-03-23,7,1.31,0.46,
2622,19.6021,-103.358,0.86,3.7,2016-05-11,2016-05-16,6,0.56,0.14,
2624,19.6063,-104.52,0.43,2.78,2016-01-11,2016-01-11,1,0.46,0.43,
2626,19.6146,-104.517,0.21,1.85,2016-02-27,2016-02-27,1,0.46,0.21,
2628,19.6021,-102.518,0.21,1.85,2016-05-04,2016-05-04,1,0.46,0.21,
2630,19.6188,-96.4337,0.86,6.48,2016-05-26,2016-05-29,4,0.83,0.21,
2632,19.6146,-101.425,0.43,2.78,2016-03-28,2016-03-28,1,0.46,0.43,
2634,19.6105,-96.61,0.21,1.85,2016-05-16,2016-05-16,1,0.46,0.21,
2636,19.6063,-104.604,0.43,2.78,2016-05-02,2016-05-06,5,0.29,0.09,
2638,19.6063,-102.078,0.21,1.85,2016-05-04,2016-05-04,1,0.46,0.21,
2640,19.6021,-104.544,1.07,5.56,2016-04-13,2016-04-15,3,0.73,0.36,
2642,19.598,-104.532,1.29,5.56,2016-01-29,2016-01-31,3,0.75,0.43,
2644,19.5896,-104.518,1.29,5.56,2016-03-24,2016-03-30,7,0.67,0.18,
2646,19.598,-104.577,5.14,12.04,2016-04-22,2016-05-02,11,1.12,0.47,
2648,19.598,-101.565,0.21,1.85,2016-05-02,2016-05-02,1,0.46,0.21,
2650,19.5938,-104.715,0.21,1.85,2016-05-01,2016-05-01,1,0.46,0.21,
2652,19.5938,-96.547,0.21,1.85,2016-05-08,2016-05-08,1,0.46,0.21,
2654,19.5896,-103.426,0.21,1.85,2016-03-13,2016-03-13,1,0.46,0.21,
2656,19.5896,-102.638,0.21,1.85,2016-03-26,2016-03-26,1,0.46,0.21,
2658,19.5896,-102.125,0.21,1.85,2016-04-18,2016-04-18,1,0.46,0.21,
2660,19.5855,-105.024,0.43,2.78,2016-04-25,2016-04-26,2,0.46,0.21,
2662,19.5855,-104.321,0.21,1.85,2016-04-15,2016-04-15,1,0.46,0.21,
2664,19.5855,-101.574,0.21,1.85,2016-03-03,2016-03-03,1,0.46,0.21,
2666,19.5688,-104.509,0.43,2.78,2016-03-26,2016-03-26,1,0.46,0.43,
2668,19.573,-104.512,0.43,2.78,2016-05-22,2016-05-23,2,0.46,0.21,
2670,19.5813,-96.5837,0.21,1.85,2016-05-14,2016-05-14,1,0.46,0.21,
2672,19.5771,-104.506,0.21,1.85,2016-04-18,2016-04-18,1,0.46,0.21,
2674,19.5771,-103.435,0.21,1.85,2016-01-18,2016-01-18,1,0.46,0.21,
2676,19.5771,-102.617,0.43,3.7,2016-04-16,2016-04-17,2,0.5,0.21,
2678,19.573,-104.715,0.64,4.63,2016-05-23,2016-05-25,3,0.72,0.21,
2680,19.573,-104.366,0.21,1.85,2016-06-10,2016-06-10,1,0.46,0.21,
2682,19.573,-102.632,0.21,1.85,2016-04-17,2016-04-17,1,0.46,0.21,
2684,19.5521,-104.511,2.36,11.11,2016-04-02,2016-04-09,8,0.62,0.29,
2686,19.5688,-104.531,0.21,1.85,2016-04-24,2016-04-24,1,0.46,0.21,
2688,19.5271,-104.486,3.22,9.26,2016-05-18,2016-05-27,10,0.89,0.32,
2690,19.5688,-104.527,0.43,2.78,2016-05-30,2016-05-30,1,0.46,0.43,
2692,19.5688,-102.638,0.21,1.85,2016-04-16,2016-04-16,1,0.46,0.21,
2694,19.5646,-96.5604,0.43,2.78,2016-05-28,2016-05-30,3,0.35,0.14,
2696,19.5605,-102.708,1.07,5.56,2016-04-09,2016-04-13,5,0.67,0.21,
2698,19.5563,-104.793,1.71,5.56,2016-06-05,2016-06-07,3,0.66,0.57,
2700,19.5563,-104.337,0.21,1.85,2016-05-27,2016-05-27,1,0.46,0.21,
2702,19.5563,-102.944,0.21,1.85,2016-05-15,2016-05-15,1,0.46,0.21,
2704,19.5271,-104.946,10.29,16.67,2016-04-13,2016-05-06,24,0.83,0.43,
2706,19.5521,-104.967,1.71,6.48,2016-06-05,2016-06-15,11,0.59,0.16,
2708,19.548,-104.562,0.21,1.85,2016-05-16,2016-05-16,1,0.46,0.21,
2710,19.548,-102.957,4.07,11.11,2016-05-16,2016-05-20,5,1.18,0.81,
2712,19.548,-102.661,0.21,1.85,2016-04-13,2016-04-13,1,0.46,0.21,
2714,19.548,-101.807,0.21,1.85,2016-01-01,2016-01-01,1,0.46,0.21,
2716,19.5396,-103.283,0.43,3.7,2016-04-30,2016-05-04,5,0.55,0.09,
2718,19.5396,-104.605,0.64,3.7,2016-06-13,2016-06-13,1,0.85,0.64,
2720,19.5313,-104.551,0.86,4.63,2016-04-18,2016-04-18,1,0.49,0.86,
2722,19.5396,-103.402,0.21,1.85,2016-03-28,2016-03-28,1,0.46,0.21,
2724,19.5355,-102.661,0.43,2.78,2016-04-07,2016-04-11,5,0.34,0.09,
2726,19.5271,-104.517,2.36,9.26,2016-04-16,2016-04-22,7,1.09,0.34,
2728,19.5313,-99.8342,0.21,1.85,2016-01-05,2016-01-05,1,0.46,0.21,
2730,19.5271,-99.836,0.21,1.85,2016-03-06,2016-03-06,1,0.46,0.21,
2732,19.5271,-100.958,0.21,1.85,2016-05-02,2016-05-02,1,0.46,0.21,
2734,19.523,-104.625,0.64,3.7,2016-04-19,2016-04-25,7,0.46,0.09,
2736,19.5188,-104.6,1.5,6.48,2016-05-13,2016-05-14,2,0.83,0.75,
2738,19.523,-104.603,0.64,3.7,2016-06-01,2016-06-01,1,0.85,0.64,
2740,19.5146,-104.562,1.29,5.56,2016-05-22,2016-05-29,8,0.69,0.16,
2742,19.5188,-104.295,0.21,1.85,2016-04-22,2016-04-22,1,0.46,0.21,
2744,19.5105,-100.846,1.93,6.48,2016-04-26,2016-05-04,9,1.18,0.21,
2746,19.5105,-96.391,3.22,8.33,2016-01-27,2016-02-12,17,0.87,0.19,
2748,19.5146,-104.536,1.07,4.63,2016-04-18,2016-04-25,8,0.92,0.13,
2750,19.5146,-103.528,0.21,1.85,2016-06-14,2016-06-14,1,0.46,0.21,
2752,19.5146,-103.364,1.07,4.63,2016-05-04,2016-05-06,3,0.56,0.36,
2754,19.5021,-104.24,1.93,12.04,2016-06-09,2016-06-17,9,2.16,0.21,
2756,19.4813,-103.48,2.14,9.26,2016-05-17,2016-05-20,4,0.79,0.54,
2758,19.5063,-103.218,0.21,1.85,2016-04-11,2016-04-11,1,0.46,0.21,
2760,19.498,-104.649,0.21,1.85,2016-05-08,2016-05-08,1,0.46,0.21,
2762,19.5021,-103.378,0.21,1.85,2016-04-06,2016-04-06,1,0.46,0.21,
2764,19.5021,-96.3551,0.21,1.85,2016-10-14,2016-10-14,1,0.46,0.21,
2766,19.4396,-104.337,5.14,15.74,2016-05-14,2016-05-20,7,0.94,0.73,
2768,19.4938,-103.382,0.21,1.85,2016-03-28,2016-03-28,1,0.46,0.21,
2770,19.498,-102.965,0.21,1.85,2016-05-15,2016-05-15,1,0.46,0.21,
2772,19.4938,-104.39,0.21,1.85,2016-05-23,2016-05-23,1,0.46,0.21,
2774,19.4896,-104.347,3.22,13.89,2016-06-05,2016-06-14,10,0.91,0.32,
2776,19.4938,-104.2,0.21,1.85,2016-05-11,2016-05-11,1,0.46,0.21,
2778,19.4938,-103.696,1.07,6.48,2016-09-17,2016-09-24,8,0.72,0.13,
2780,19.4938,-103.077,0.21,1.85,2016-04-09,2016-04-09,1,0.46,0.21,
2782,19.4855,-104.256,1.07,5.56,2016-06-08,2016-06-14,7,0.7,0.15,
2784,19.4896,-103.68,0.43,3.7,2016-09-24,2016-09-24,1,0.88,0.43,
2786,19.4855,-104.274,0.21,1.85,2016-06-14,2016-06-14,1,0.46,0.21,
2788,19.4855,-103.606,0.21,1.85,2016-06-01,2016-06-01,1,0.46,0.21,
2790,19.4813,-104.55,0.43,2.78,2016-04-25,2016-05-02,8,0.26,0.05,
2792,19.4813,-103.772,0.86,3.7,2016-05-14,2016-05-20,7,0.56,0.12,
2794,19.4771,-103.645,0.86,4.63,2016-09-25,2016-09-30,6,0.47,0.14,
2796,19.4813,-97.6288,0.43,2.78,2016-06-01,2016-06-01,1,0.46,0.43,
2798,19.4771,-104.229,0.21,1.85,2016-06-14,2016-06-14,1,0.46,0.21,
2800,19.4646,-103.695,0.21,1.85,2016-10-03,2016-10-03,1,0.46,0.21,
2802,19.473,-103.563,1.93,7.41,2016-05-18,2016-05-20,3,1.16,0.64,
2804,19.4563,-103.57,0.43,2.78,2016-06-06,2016-06-06,1,0.54,0.43,
2806,19.4771,-99.54,0.21,1.85,2016-02-19,2016-02-19,1,0.46,0.21,
2808,19.473,-104.885,0.21,1.85,2016-05-22,2016-05-22,1,0.46,0.21,
2810,19.473,-103.373,0.86,4.63,2016-04-27,2016-04-29,3,0.54,0.29,
2812,19.4688,-103.331,1.07,4.63,2016-01-30,2016-02-04,6,0.51,0.18,
2814,19.473,-96.709,0.21,1.85,2016-04-23,2016-04-23,1,0.46,0.21,
2816,19.4688,-104.524,0.21,1.85,2016-05-11,2016-05-11,1,0.46,0.21,
2818,19.4688,-104.219,0.21,1.85,2016-05-13,2016-05-13,1,0.46,0.21,
2820,19.4646,-103.673,0.21,1.85,2016-09-16,2016-09-16,1,0.46,0.21,
2822,19.4688,-102.951,0.21,1.85,2016-04-11,2016-04-11,1,0.46,0.21,
2824,19.4688,-96.6667,0.21,1.85,2016-04-23,2016-04-23,1,0.46,0.21,
2826,19.4646,-99.3997,0.43,2.78,2016-04-07,2016-04-09,3,0.35,0.14,
2828,19.4646,-96.3726,0.21,1.85,2016-01-29,2016-01-29,1,0.46,0.21,
2830,19.4605,-103.582,0.21,1.85,2016-05-11,2016-05-11,1,0.46,0.21,
2832,19.4396,-104.646,5.79,21.3,2016-05-01,2016-05-09,9,1.28,0.64,
2834,19.4563,-103.667,0.43,2.78,2016-09-30,2016-09-30,1,0.46,0.43,
2836,19.4355,-103.243,0.43,2.78,2016-04-11,2016-04-11,1,0.46,0.43,
2838,19.4313,-103.245,0.21,1.85,2016-05-01,2016-05-01,1,0.46,0.21,
2840,19.448,-103.552,0.21,1.85,2016-06-06,2016-06-06,1,0.46,0.21,
2842,19.448,-96.9017,0.43,2.78,2016-01-12,2016-01-18,7,0.27,0.06,
2844,19.4438,-96.4486,0.21,1.85,2016-02-20,2016-02-20,1,0.46,0.21,
2846,19.4396,-103.44,0.43,3.7,2016-05-23,2016-05-24,2,0.5,0.21,
2848,19.4438,-102.033,0.43,2.78,2016-05-02,2016-05-04,3,0.35,0.14,
2850,19.4438,-99.3163,0.43,2.78,2016-02-18,2016-02-18,1,0.46,0.43,
2852,19.3896,-104.619,24.65,37.04,2016-04-22,2016-05-04,13,1.78,1.9,
2854,19.4396,-103.476,0.21,1.85,2016-04-02,2016-04-02,1,0.46,0.21,
2856,19.4396,-103.219,0.21,1.85,2016-04-11,2016-04-11,1,0.46,0.21,
2858,19.4396,-102.512,0.21,1.85,2016-05-17,2016-05-17,1,0.46,0.21,
2860,19.4355,-104.41,0.21,1.85,2016-05-02,2016-05-02,1,0.46,0.21,
2862,19.4313,-103.572,0.64,3.7,2016-05-16,2016-05-18,3,0.43,0.21,
2864,19.4355,-103.424,1.29,7.41,2016-05-22,2016-05-23,2,0.94,0.64,
2866,19.4355,-103.066,0.64,3.7,2016-03-15,2016-03-16,2,0.77,0.32,
2868,19.4021,-104.909,16.08,41.67,2016-04-18,2016-05-11,24,2.04,0.67,
2870,19.4313,-104.5,0.21,1.85,2016-05-18,2016-05-18,1,0.46,0.21,
2872,19.4313,-103.413,0.21,1.85,2016-05-18,2016-05-18,1,0.46,0.21,
2874,19.423,-103.765,1.07,5.56,2016-06-01,2016-06-03,3,0.51,0.36,
2876,19.4271,-101.661,0.21,1.85,2016-05-28,2016-05-28,1,0.46,0.21,
2878,19.4271,-101.484,0.64,3.7,2015-12-20,2015-12-21,2,0.77,0.32,
2880,19.3521,-104.471,16.72,41.67,2016-05-11,2016-06-10,31,0.96,0.54,
2882,19.398,-104.474,4.29,13.89,2016-05-16,2016-05-25,10,1.8,0.43,
2884,19.4063,-104.28,11.58,17.59,2016-04-25,2016-05-04,10,1.71,1.16,
2886,19.423,-103.456,0.21,1.85,2016-05-15,2016-05-15,1,0.46,0.21,
2888,19.4188,-104.867,0.21,1.85,2016-05-02,2016-05-02,1,0.46,0.21,
2890,19.4188,-104.589,0.64,3.7,2016-05-16,2016-05-18,3,0.52,0.21,
2892,19.4105,-103.528,0.86,3.7,2016-03-01,2016-03-01,1,0.59,0.86,
2894,19.4188,-102.49,0.64,3.7,2016-04-09,2016-04-13,5,0.37,0.13,
2896,19.4105,-96.4729,0.21,1.85,2016-03-14,2016-03-14,1,0.46,0.21,
2898,19.4063,-104.347,13.08,27.78,2016-05-13,2016-06-01,20,0.76,0.65,
2900,19.3313,-104.361,9.86,17.59,2016-05-26,2016-06-04,10,0.96,0.99,
2902,19.4146,-104.14,0.43,2.78,2016-05-18,2016-05-22,5,0.29,0.09,
2904,19.4105,-104.853,0.21,1.85,2016-05-02,2016-05-02,1,0.46,0.21,
2906,19.4105,-104.495,0.21,1.85,2016-05-24,2016-05-24,1,0.46,0.21,
2908,19.4063,-103.565,1.07,6.48,2016-05-13,2016-05-17,5,1.22,0.21,
2910,19.4063,-102.332,0.21,1.85,2016-05-14,2016-05-14,1,0.46,0.21,
2912,19.4021,-103.774,1.29,6.48,2016-05-25,2016-05-31,7,0.5,0.18,
2914,19.4063,-96.4793,0.21,1.85,2016-03-26,2016-03-26,1,0.46,0.21,
2916,19.4021,-104.94,0.43,2.78,2016-05-01,2016-05-04,4,0.31,0.11,
2918,19.4021,-104.503,0.43,2.78,2016-05-31,2016-06-03,4,0.31,0.11,
2920,19.4021,-102.939,0.43,2.78,2016-04-08,2016-04-08,1,0.46,0.43,
2922,19.4021,-101.892,2.14,6.48,2016-03-26,2016-04-04,10,0.59,0.21,
2924,19.4021,-96.4415,0.21,1.85,2016-03-07,2016-03-07,1,0.46,0.21,
2926,19.3896,-101.522,1.71,7.41,2015-12-21,2015-12-23,3,0.93,0.57,
2928,19.3896,-96.3943,0.21,1.85,2016-03-14,2016-03-14,1,0.46,0.21,
2930,19.3938,-96.4012,0.43,2.78,2016-04-01,2016-04-01,1,0.46,0.43,
2932,19.3938,-104.882,0.21,1.85,2016-05-02,2016-05-02,1,0.46,0.21,
2934,19.3938,-96.4852,0.21,1.85,2016-03-08,2016-03-08,1,0.46,0.21,
2936,19.3896,-96.4783,0.21,1.85,2016-03-20,2016-03-20,1,0.46,0.21,
2938,19.3855,-104.735,0.43,2.78,2016-05-02,2016-05-02,1,0.46,0.43,
2940,19.3813,-104.22,4.93,12.04,2016-04-21,2016-05-02,12,0.99,0.41,
2942,19.3896,-104.128,0.43,2.78,2016-05-04,2016-05-04,1,0.46,0.43,
2944,19.3896,-99.4422,0.21,1.85,2016-03-06,2016-03-06,1,0.46,0.21,
2946,19.3813,-96.8399,0.21,1.85,2015-11-24,2015-11-24,1,0.46,0.21,
2948,19.3855,-104.89,0.21,1.85,2016-05-19,2016-05-19,1,0.46,0.21,
2950,19.3855,-104.408,0.21,1.85,2016-05-21,2016-05-21,1,0.46,0.21,
2952,19.3855,-101.135,0.21,1.85,2016-05-01,2016-05-01,1,0.46,0.21,
2954,19.3855,-96.489,0.21,1.85,2016-03-20,2016-03-20,1,0.46,0.21,
2956,19.3813,-104.896,0.43,2.78,2016-05-14,2016-05-19,6,0.28,0.07,
2958,19.3813,-103.063,0.21,1.85,2016-05-01,2016-05-01,1,0.46,0.21,
2960,19.3563,-96.4894,0.21,1.85,2015-12-15,2015-12-15,1,0.46,0.21,
2962,19.3563,-96.4983,0.64,3.7,2015-12-27,2015-12-29,3,0.49,0.21,
2964,19.3688,-96.5189,0.21,1.85,2016-01-12,2016-01-12,1,0.46,0.21,
2966,19.3646,-96.5209,2.79,10.19,2016-01-28,2016-02-09,13,0.98,0.21,
2968,19.3771,-96.5194,1.71,6.48,2016-02-01,2016-02-09,9,0.54,0.19,
2970,19.3771,-96.5283,0.21,1.85,2016-02-21,2016-02-21,1,0.46,0.21,
2972,19.3646,-96.512,0.43,2.78,2016-02-29,2016-02-29,1,0.46,0.43,
2974,19.3771,-104.681,0.86,4.63,2016-06-05,2016-06-07,3,0.57,0.29,
2976,19.3771,-104.2,0.43,2.78,2016-05-07,2016-05-08,2,0.46,0.21,
2978,19.3688,-103.545,0.21,1.85,2015-12-23,2015-12-23,1,0.46,0.21,
2980,19.3688,-104.751,0.64,3.7,2016-04-02,2016-04-05,4,0.41,0.16,
2982,19.373,-98.4603,0.21,1.85,2016-02-10,2016-02-10,1,0.46,0.21,
2984,19.373,-96.8261,0.21,1.85,2015-11-12,2015-11-12,1,0.46,0.21,
2986,19.373,-96.8394,0.43,2.78,2015-11-24,2015-11-24,1,0.46,0.43,
2988,19.3563,-104.792,0.64,3.7,2016-04-02,2016-04-06,5,0.49,0.13,
2990,19.3521,-104.78,0.21,1.85,2016-05-16,2016-05-16,1,0.46,0.21,
2992,19.3688,-102.949,1.71,6.48,2016-04-07,2016-04-15,9,0.79,0.19,
2994,19.3688,-100.189,0.43,2.78,2016-02-19,2016-02-19,1,0.46,0.43,
2996,19.3605,-104.189,4.5,12.04,2016-05-06,2016-05-16,11,1.66,0.41,
2998,19.3646,-103.401,0.64,3.7,2016-06-07,2016-06-07,1,0.6,0.64,
3000,19.3646,-96.7814,0.86,3.7,2016-02-19,2016-02-26,8,0.4,0.11,
